"EDUC_MINHS","EDUC_HSONLY","EDUC_MINBA","EDUC_SOMECOLL","EDUC_MIN9TH","EDUC_MINHS_WHITE","EDUC_MINBA_WHITE","EDUC_MINHS_BLACK","EDUC_MINBA_BLACK","EDUC_MINHS_LATINO","EDUC_MINBA_LATINO","EDUC_MINHS_WHITENH","EDUC_MINBA_WHITENH","RACE_HISP","RACE_WHITENH","RACE_BLACKNH","RACE_ASIANNH","RACE_OTHERNH","RACE_MULTIPLENH","BIRTH_FOREIGN","GEOID10"
0.9673176564,0.0278995616,0.8668792348,0.0725388601,0.9896373057,0.9652351738,0.8578732106,0.9166666667,0.8333333333,0.8303571429,0.5714285714,0.9702917772,0.8657824934,0.0378205128,0.7426282051,0.0342948718,0.1253205128,0,0.0599358974,0.271474359,6001400100
0.9955271565,0.0587859425,0.8651757188,0.0715654952,0.9955271565,0.9943593876,0.9024979855,1,0.4615384615,1,0.8482142857,0.9939655172,0.900862069,0.086696562,0.7349277529,0.0259093174,0.0852017937,0.0019930244,0.0652715496,0.1210762332,6001400200
0.9442938132,0.0761646537,0.7202366281,0.1478925314,0.9645057925,0.9487010852,0.783623808,0.8840262582,0.1838074398,0.6872586873,0.6332046332,0.9671311183,0.7927831368,0.0694911899,0.6798653732,0.0908730944,0.1168085528,0.0237576717,0.019204118,0.1734310038,6001400300
0.9519044545,0.0480955455,0.7591994835,0.1446094254,0.9767591995,0.9861623616,0.8565498155,0.7566539924,0.1216730038,0.8,0.6166666667,0.990281827,0.8610301263,0.1210381832,0.637384577,0.0663838283,0.104816571,0.0087347143,0.0616421263,0.1472423259,6001400400
0.9770687936,0.1694915254,0.6799601196,0.1276171486,0.9923562645,0.992777413,0.819435325,0.9300911854,0.3860182371,1,0.5701754386,0.9922316384,0.8502824859,0.0945683802,0.4544131911,0.2138700291,0.1081474297,0.0067895247,0.1222114452,0.2289039767,6001400500
0.9716981132,0.0581761006,0.7146226415,0.1988993711,0.9787735849,0.9784075574,0.7867746289,0.9276595745,0.4936170213,0.8415841584,0.6138613861,1,0.7991071429,0.0750716332,0.4928366762,0.2051575931,0.0968481375,0.029226361,0.1008595989,0.0836676218,6001400600
0.9367426079,0.085070286,0.5693165293,0.2823557925,0.9524963645,0.9819078947,0.7763157895,0.9633943428,0.2271214642,0.7291021672,0.3684210526,0.9816350711,0.7997630332,0.1938377535,0.382800312,0.2823712949,0.0641575663,0,0.0768330733,0.1524960998,6001400700
0.9446377729,0.1774754824,0.5336918697,0.2334704208,0.9784878203,0.9545454545,0.7098930481,0.9544846051,0.1900937082,0.8709677419,0.1541218638,0.9532324622,0.7303988996,0.1061685918,0.4354878348,0.2327353158,0.1518800688,0.001966085,0.0717621037,0.1968542639,6001400800
0.9111716621,0.1449591281,0.4626702997,0.3035422343,0.9400544959,0.9352441614,0.6709129512,0.9434306569,0.1697080292,0.6038647343,0.2657004831,0.9880668258,0.700477327,0.1582355322,0.4164305949,0.287737758,0.04087414,0.0348037232,0.0619182517,0.1622824767,6001400900
0.8380724984,0.1825482961,0.4230518776,0.2324723247,0.9285869329,0.9448938322,0.6137512639,0.8655240606,0.1760052736,0.7020689655,0.1834482759,0.9746760895,0.6861012956,0.1871840861,0.3344203489,0.3036034567,0.067177564,0.0195662808,0.0880482635,0.1195173651,6001401000
0.9340247767,0.0996830884,0.6862575627,0.1480841256,0.9645635264,0.9990412272,0.8048897411,0.5407407407,0.1074074074,0.8161559889,0.4540389972,0.9989462592,0.8066385669,0.1075344063,0.5239094938,0.0774434336,0.1980405878,0.0188943317,0.0741777467,0.2027058549,6001401100
0.9324200913,0.0415525114,0.6849315068,0.2059360731,0.9680365297,0.9704142012,0.7712031558,0.780876494,0.3505976096,0.9458483755,0.4873646209,0.9780541331,0.7724945135,0.1218022146,0.6101565483,0.1126384116,0.1149293624,0.0007636502,0.0397098129,0.1550210004,6001401200
0.875659824,0.1360703812,0.4985337243,0.2410557185,0.9351906158,0.9121027721,0.6504394861,0.9090009891,0.3264094955,0.8107255521,0.4006309148,0.9332355099,0.667644901,0.1012496812,0.3840856924,0.285131344,0.1675592961,0.0061208875,0.0558530987,0.1971435858,6001401300
0.8349460879,0.1509538291,0.3978435167,0.2861487421,0.9228642521,0.9156804734,0.6789940828,0.8091809181,0.1602160216,0.6912650602,0.3493975904,0.9112903226,0.732078853,0.1895604396,0.2573964497,0.3193153001,0.1204564666,0.0295857988,0.0836855452,0.2062552832,6001401400
0.8997440273,0.1894197952,0.42278157,0.2875426621,0.9872013652,0.9812438302,0.6495557749,0.8085365854,0.1280487805,0.8518518519,0.4511784512,0.9884575026,0.6736621196,0.1412469179,0.3691440648,0.3733709052,0.0454385347,0.0084536809,0.0623458964,0.1373723142,6001401500
0.8729344729,0.1339031339,0.4381766382,0.3008547009,0.9333333333,0.9903581267,0.7066115702,0.8908045977,0.1724137931,0.7635327635,0.3760683761,0.9882352941,0.7378151261,0.2005242464,0.2865880297,0.3591087811,0.1044124072,0.0091743119,0.0401922237,0.2262996942,6001401600
0.9379591837,0.0726530612,0.5665306122,0.2987755102,0.9673469388,0.9504373178,0.6603498542,1,0.2103321033,0.7684391081,0.2830188679,0.9848619768,0.7266251113,0.2664015905,0.388667992,0.1703114645,0.1192842942,0.0023194168,0.0530152419,0.1709741551,6001401700
0.9102281089,0.200147167,0.4422369389,0.2678440029,0.97866078,0.9896907216,0.735395189,0.9382978723,0.2446808511,0.690376569,0.10041841,0.9963570128,0.7577413479,0.202665186,0.3348139922,0.3820099944,0.0549694614,0.01332593,0.0122154359,0.1521377013,6001401800
0.8696145125,0.1524943311,0.4659863946,0.2511337868,0.9302721088,0.9427012278,0.6603001364,0.9451371571,0.2094763092,0.5969581749,0.2661596958,1,0.7140695915,0.1622930965,0.2987484861,0.3177230521,0.163504239,0.0125151393,0.0452159871,0.1877270892,6001402200
0.8578901482,0.1368788143,0.4328683522,0.2881429817,0.9088927637,0.9664233577,0.6160583942,0.8734177215,0.3372513562,0.66875,0.55,0.9873617694,0.6082148499,0.0914166085,0.241102582,0.4839497558,0.1263084438,0.0034891835,0.0537334264,0.1325889742,6001402400
0.850678733,0.3058823529,0.2199095023,0.3248868778,0.9466063348,1,0.56875,0.8711656442,0.1211656442,0.8666666667,0.1925925926,1,0.5664335664,0.1476698484,0.1089275688,0.5839416058,0.1330713083,0,0.0263896687,0.1454239191,6001402500
0.7567567568,0.2062062062,0.3013013013,0.2492492492,0.8458458458,0.8173913043,0.4347826087,0.8233082707,0.2142857143,0.618705036,0.2446043165,0.9694656489,0.6183206107,0.164923572,0.144006436,0.2590506838,0.3869670153,0.0048270314,0.0402252615,0.4859211585,6001402600
0.8950036206,0.1368573497,0.4808110065,0.2773352643,0.9608979001,0.9356223176,0.6030042918,0.9185185185,0.3537037037,0.831372549,0.4549019608,0.9696202532,0.6607594937,0.2058201058,0.2322751323,0.4227513228,0.1084656085,0.0132275132,0.0174603175,0.1751322751,6001402700
0.8609012764,0.1237301381,0.5168012503,0.220369888,0.9411305027,0.9668085106,0.8153191489,0.8601398601,0.3384615385,0.7591836735,0.5102040816,0.9863760218,0.8419618529,0.0627232143,0.2819196429,0.3808035714,0.1857142857,0.0058035714,0.0830357143,0.2435267857,6001402800
0.7909465021,0.1481481481,0.4353909465,0.2074074074,0.9069958848,0.993485342,0.7361563518,0.8808510638,0.3531914894,0.9239766082,0.4561403509,0.9926199262,0.7011070111,0.1763869132,0.2155049787,0.1714082504,0.3755334282,0.0156472262,0.0455192034,0.4167852063,6001402900
0.6141669964,0.1412742382,0.2999604274,0.1729323308,0.776414721,0.9292035398,0.592920354,0.1780821918,0.1780821918,0.9393939394,0.6818181818,0.9365079365,0.6243386243,0.0227194492,0.065060241,0.0437177281,0.8144578313,0.0330464716,0.0209982788,0.7325301205,6001403000
0.8286567164,0.1886567164,0.5050746269,0.1349253731,0.9146268657,0.9464285714,0.7808441558,0.7869565217,0.2608695652,0.7164179104,0.3781094527,0.9789674952,0.8565965583,0.1304140885,0.2784388386,0.1765825797,0.3783912423,0.0123750595,0.0237981913,0.2946216088,6001403100
0.7872219053,0.122646891,0.4768967484,0.1876782658,0.8693667998,0.9353182752,0.8131416838,0.7755102041,0.5442176871,1,0.9225806452,0.9289740699,0.7948139797,0.0603159406,0.2616084251,0.0746768789,0.5222594543,0.0239348971,0.057204404,0.4662517951,6001403300
0.9248357424,0.0657030223,0.6819973719,0.1771353482,0.938239159,0.9923484403,0.8369629194,0.9710884354,0.4489795918,1,0.4253968254,0.9919802591,0.8772362739,0.081797235,0.3953917051,0.1914746544,0.2599078341,0.0218894009,0.0495391705,0.2829493088,6001403400
0.924322889,0.0770047796,0.5416887945,0.3056293149,0.9609665428,0.9798308393,0.7651268705,0.9498997996,0.3076152305,0.9498607242,0.4066852368,0.9768829232,0.807606264,0.1226625111,0.374666073,0.2388691006,0.1858860196,0.0140249332,0.0638913624,0.2413178985,6001403501
0.9089906233,0.1086596801,0.6254826255,0.1748483177,0.9564258136,0.9863791146,0.7922814983,0.8871331828,0.3431151242,0.8709677419,0.7050691244,0.9846938776,0.7780612245,0.1193737769,0.4202544031,0.2544031311,0.1110567515,0.0048923679,0.0900195695,0.2069471624,6001403502
0.9279259897,0.1475903614,0.5920826162,0.188253012,0.9782702238,0.9948834565,0.8391131325,0.8502415459,0.2930756844,0.9294532628,0.6666666667,0.9973992198,0.8563068921,0.1391382406,0.2933572711,0.4123877917,0.0937163375,0.008438061,0.052962298,0.2671454219,6001403600
0.938613111,0.1443728685,0.6419098143,0.1523304282,0.949602122,0.9914101646,0.7967072298,0.8193343899,0.2741679873,0.9796511628,0.5436046512,0.9901071723,0.8153338829,0.121967655,0.4302560647,0.2675202156,0.1260107817,0.0097708895,0.0444743935,0.2051886792,6001403701
0.9500860585,0.0378657487,0.678141136,0.2340791738,0.9632816982,1,0.83557394,1,0.432,1,0.6534090909,1,0.8510405257,0.0979274611,0.5191709845,0.1502590674,0.1766839378,0.007253886,0.0487046632,0.1652849741,6001403702
0.9701492537,0.0513710517,0.7837556404,0.1350225616,0.9958347796,0.9950519545,0.8248391885,0.9382352941,0.7147058824,1,0.7346938776,0.9949238579,0.8274111675,0.0358102059,0.6774097284,0.1298119964,0.116980006,0.0011936735,0.0387943897,0.1345866905,6001403800
0.9418502203,0.0511013216,0.7359765051,0.1547723935,0.9618208517,0.9282619162,0.7000481464,0.9140271493,0.6402714932,0.9545454545,0.5619834711,0.9248349416,0.7034027425,0.0743026413,0.5729449519,0.1355220933,0.161688472,0.0022216737,0.0533201679,0.1542828931,6001403900
0.9777957206,0.09002826,0.7182075091,0.1695599516,0.9931368591,0.9932307692,0.7710769231,0.9282296651,0.3444976077,0.9611398964,0.7046632124,0.9923023093,0.7858642407,0.1640759931,0.5519861831,0.0725388601,0.1018998273,0.0397236615,0.069775475,0.2031088083,6001404000
0.987833595,0.0408163265,0.7919937206,0.1550235479,0.9984301413,0.9889624724,0.8068432671,1,0.7259615385,1,0.7087912088,0.9882560188,0.8185554903,0.0702684786,0.6218097448,0.0785548558,0.1259529334,0.0241962214,0.079217766,0.1146834604,6001404101
0.9307915458,0.0787401575,0.6460837132,0.2059676751,0.978864484,0.990990991,0.722972973,0.72,0.472,0.776119403,0.4925373134,0.9928486293,0.7252681764,0.0987561251,0.6649076517,0.0471164719,0.1202412363,0.0263852243,0.0425932906,0.1726347531,6001404102
0.9806126406,0.0333462582,0.792555254,0.1547111283,1,0.9885308575,0.8339705079,1,0.5733333333,1,1,0.9880884855,0.8275666478,0.0559711117,0.6174877483,0.0631931906,0.1898375032,0.0201186484,0.0533917978,0.1993809647,6001404200
0.9889720362,0.0622292241,0.8341866877,0.0925561245,1,0.9848156182,0.8378524946,1,0.7142857143,1,0.7268518519,0.9844617092,0.8340732519,0.1199535289,0.652918966,0.0165553297,0.1356375254,0.0046471101,0.0702875399,0.1684577403,6001404300
0.9673366834,0.0605299223,0.7784376428,0.1283691183,0.9812699863,0.9800950683,0.7994652406,1,0.4045801527,0.7966101695,0.7966101695,0.9903155264,0.8003748828,0.053127221,0.6700426439,0.0232764748,0.1295309168,0.0031982942,0.1208244492,0.1652452026,6001404400
0.974595843,0.0400307929,0.8421862972,0.0923787529,0.9876828329,0.9796126402,0.8450560652,0.8686868687,0.8686868687,0.8472222222,0.8472222222,0.9900990099,0.8448844884,0.0668877833,0.6639027087,0.0674405749,0.1155334439,0.0121614151,0.0740740741,0.1520176893,6001404501
0.9712886713,0.0362786557,0.7598486535,0.1751613621,0.9828622301,0.9824224114,0.8019774787,0.9891304348,0.5760869565,0.9352226721,0.6882591093,0.9864712514,0.8066516347,0.0762179596,0.7550500764,0.0113732813,0.1018502801,0,0.0555084026,0.1629604481,6001404502
0.9833059661,0.0591133005,0.7402846196,0.183908046,0.9939792009,0.9899027674,0.7920718025,1,0.8651685393,0.8766233766,0.5064935065,0.9915384615,0.7880769231,0.0482162162,0.6968648649,0.0384864865,0.1305945946,0.0332972973,0.0525405405,0.1455135135,6001404600
0.9863354037,0.0664596273,0.797515528,0.1223602484,0.9956521739,1,0.8106557377,1,0.75,0.9473684211,0.8859649123,1,0.8010657194,0.0945250351,0.6958352831,0.0598970519,0.1123069724,0.0042115115,0.033224146,0.1034160037,6001404700
0.9298990972,0.0860329262,0.6420605417,0.2018056293,0.9681359533,0.9437551696,0.7121588089,1,0.4297520661,0.752,0.42,0.9896030246,0.7844990548,0.1443143181,0.4937665281,0.1598035512,0.1106913487,0.0117113714,0.0797128825,0.2455610125,6001404800
0.9456092373,0.0732300213,0.5931327864,0.2792464297,0.9772105743,0.9682692308,0.7245192308,1,0.3324324324,0.899713467,0.4240687679,0.9753218884,0.7516094421,0.1184179176,0.5608768168,0.0960209674,0.1536812009,0.0159637837,0.0550393138,0.1636883488,6001404900
0.9740503949,0.0361037984,0.8097028958,0.1282437006,0.9853328319,1,0.8925525867,1,0.6824925816,1,0.7329842932,1,0.8984375,0.0739540365,0.6157925751,0.1172657631,0.1098998232,0.0041249263,0.0789628757,0.1025338833,6001405000
0.9972058367,0.0397392114,0.8354548277,0.1220117976,0.9972058367,1,0.9070422535,1,0.5880149813,1,1,1,0.9061611374,0.0343057176,0.6501750292,0.1355892649,0.1015169195,0.0025670945,0.0758459743,0.0968494749,6001405100
0.9293181818,0.1425,0.5970454545,0.1897727273,0.9693181818,0.9974874372,0.7658291457,0.9966887417,0.6158940397,0.9967897271,0.6388443018,0.9971379508,0.7824842587,0.1584024696,0.3825969516,0.0899093189,0.3154543701,0.0077175381,0.0459193517,0.2396295582,6001405200
0.9595330739,0.0661478599,0.713618677,0.179766537,0.9727626459,0.9806076277,0.8383968972,0.9779874214,0.4748427673,0.9497487437,0.5804020101,0.9930264993,0.8535564854,0.182802979,0.5264048747,0.1147596479,0.1029113067,0.0044008125,0.0687203791,0.1736628301,6001405301
0.7748218527,0.086935867,0.480760095,0.2071258907,0.8693586698,0.8603133159,0.6240208877,0.9615384615,0.608974359,0.5810810811,0.3310810811,0.932735426,0.692077728,0.0809102402,0.3076274758,0.1281078803,0.4230931311,0.0139064475,0.0463548251,0.4820901812,6001405302
0.8024606972,0.1363636364,0.3684210526,0.2976760082,0.8280929597,0.9462809917,0.6611570248,0.8496868476,0.1106471816,0.7641681901,0.3418647166,0.9694656489,0.693129771,0.225877193,0.2053179825,0.1622807018,0.3500548246,0.0098684211,0.0466008772,0.4150219298,6001405401
0.7770859278,0.2432544624,0.2768783728,0.2569530926,0.8625985886,0.9264705882,0.5525210084,0.9333333333,0.1843971631,0.5989847716,0.1700507614,1,0.6383495146,0.2106047066,0.1724754245,0.2579684242,0.2794161454,0.0327673518,0.0467679476,0.4655942806,6001405402
0.8504672897,0.13894081,0.4838006231,0.2277258567,0.8897196262,0.9318435754,0.6569832402,0.9857697283,0.5834411384,0.7340425532,0.5780141844,1,0.7240437158,0.0927835052,0.2141752577,0.2242268041,0.4172680412,0.0149484536,0.0365979381,0.35,6001405500
0.8510383387,0.1617412141,0.5419329073,0.1473642173,0.9309105431,0.946378175,0.7666980245,0.9082352941,0.2752941176,0.7827648115,0.5673249551,1,0.7699468085,0.2422759254,0.2649128174,0.1798715203,0.2223921689,0.0293667788,0.0611807892,0.2792903028,6001405600
0.7105162524,0.1747609943,0.2684512428,0.2673040153,0.8416826004,0.9492600423,0.6997885835,0.8100775194,0.226744186,0.6094986807,0.3245382586,0.9895013123,0.7217847769,0.1365052393,0.1438685925,0.2115548003,0.4602095724,0.0201076182,0.0277541773,0.4103653356,6001405700
0.6760762174,0.2205363444,0.2307692308,0.2247706422,0.785109386,0.7558441558,0.4688311688,0.8501945525,0.2548638132,0.5472972973,0.25,0.9085923218,0.5996343693,0.1704805492,0.1501144165,0.2160183066,0.4281464531,0.0205949657,0.0146453089,0.452173913,6001405800
0.5903416557,0.2401445466,0.1054533509,0.2447437582,0.7299605782,0.524137931,0.0448275862,0.9114219114,0.1282051282,0.4682395644,0.0680580762,0.9379844961,0,0.4130140081,0.0368278355,0.1418888387,0.3655671035,0.0345684591,0.0081337551,0.458427474,6001405901
0.597037037,0.2074074074,0.1925925926,0.197037037,0.7116049383,0.7975708502,0.5101214575,0.8917748918,0.2640692641,0.5034965035,0.1468531469,0.908045977,0.683908046,0.2511896669,0.0876954453,0.119646499,0.4938817131,0.0129163834,0.0346702923,0.5639021074,6001405902
0.7194616977,0.1846100759,0.2729468599,0.2619047619,0.7991718427,0.8136645963,0.4130434783,0.9897172237,0.3187660668,0.5475841874,0.1551976574,1,0.5724020443,0.2360379347,0.1849315068,0.1383034773,0.41886196,0.0007903056,0.0210748156,0.5479452055,6001406000
0.6563398275,0.1580964548,0.3174704567,0.180772916,0.7250079847,0.7589696412,0.4820607176,0.678700361,0.1588447653,0.4337990685,0.1443779108,1,0.6933534743,0.572364251,0.1485315867,0.0891612085,0.1740967674,0.0059159096,0.0099302768,0.461652229,6001406100
0.6278916061,0.2286847323,0.1953073364,0.2038995373,0.7785855915,0.6707616708,0.2506142506,0.9610778443,0.2679640719,0.4357021997,0.1108291032,0.7971014493,0.4106280193,0.4146146146,0.0528528529,0.2114114114,0.2850850851,0.0148148148,0.0212212212,0.4188188188,6001406201
0.6641791045,0.2506218905,0.2475124378,0.1660447761,0.7686567164,0.6265822785,0.2890295359,0.8396793587,0.2004008016,0.5451408856,0.1104082806,0.8490566038,0.5754716981,0.5989204899,0.0950799253,0.1419970936,0.1251816483,0.0234585842,0.0153622587,0.4803819805,6001406202
0.7136548913,0.1966711957,0.1708559783,0.3461277174,0.8192934783,0.8011283498,0.3526093089,0.8767507003,0.0266106443,0.4935400517,0.0904392765,0.9531914894,0.4829787234,0.3376682637,0.1261692904,0.2648870637,0.2420716404,0.0043349304,0.0248688113,0.3264887064,6001406300
0.8721117679,0.2412681354,0.3788285868,0.2520150457,0.9376679205,0.8980582524,0.552184466,0.9738219895,0.2015706806,0.8832335329,0.3383233533,0.9233038348,0.6327433628,0.2145383104,0.3147347741,0.2066797642,0.18978389,0.0082514735,0.0660117878,0.2428290766,6001406400
0.7309763521,0.2765160384,0.2076797003,0.2467806134,0.8508546008,0.8211009174,0.4461009174,0.8991769547,0.2736625514,0.6239495798,0.0945378151,0.9464627151,0.5889101338,0.5047069541,0.1169146675,0.1647433951,0.1401457637,0.0291527483,0.0443364713,0.3322198603,6001406500
0.7355641102,0.2111341427,0.2573289902,0.2671009772,0.8551969203,0.9292517007,0.5850340136,0.729844413,0.1753889675,0.6499032882,0.1121856867,0.9707401033,0.6419965577,0.3560040363,0.1489404642,0.2002018163,0.219778002,0.0030272452,0.0720484359,0.35580222,6001406601
0.7732836615,0.2080894093,0.2825971261,0.2825971261,0.8680149015,0.8814016173,0.5229110512,0.8089005236,0.1884816754,0.7895927602,0.1696832579,0.9187279152,0.6254416961,0.2828020756,0.1260192735,0.1641957005,0.3606375093,0.0174203113,0.0489251297,0.3591549296,6001406602
0.8775023832,0.1220209724,0.5502859867,0.2051954242,0.9096758818,0.9767220903,0.7320665083,0.9391796322,0.3536067893,0.7919191919,0.4060606061,0.9905113337,0.7564575646,0.1382050785,0.4512502423,0.144989339,0.2052723396,0.0160883892,0.0441946114,0.2182593526,6001406700
0.8818011257,0.1103189493,0.5362101313,0.235272045,0.9519699812,0.9819897084,0.6646655232,0.9235127479,0.4220963173,0.942687747,0.5513833992,0.9887640449,0.708886619,0.2531154805,0.3312101911,0.111603434,0.210744946,0.0445859873,0.0487399612,0.1957906397,6001406800
0.9603429796,0.1475526974,0.59056806,0.2222222222,0.9839228296,0.9844357977,0.7607003891,0.9248658318,0.4221824687,0.9116022099,0.4475138122,0.9887244538,0.7766032417,0.1019955654,0.4703436807,0.1856984479,0.1643569845,0.0074833703,0.0701219512,0.189578714,6001406900
0.7462270722,0.2342697934,0.2277687485,0.2841885303,0.8307406547,0.8949624866,0.3762057878,0.9508196721,0.2021857923,0.500463392,0.1186283596,0.9180576631,0.4476479514,0.2995399557,0.131197819,0.210257284,0.2475719884,0.0115863009,0.0998466519,0.3528710172,6001407000
0.6004219409,0.2481012658,0.1725738397,0.1797468354,0.7329113924,0.6802884615,0.2716346154,0.8411552347,0.2563176895,0.5085910653,0.0713058419,1,0.6,0.5422664224,0.0492017796,0.1397539911,0.2501962837,0.0020936928,0.0164878304,0.4676786182,6001407101
0.707186271,0.1698248123,0.2513407222,0.2860207365,0.8734358241,0.8774319066,0.3793774319,0.9596638655,0.225210084,0.5104347826,0.24,0.961038961,0.5064935065,0.445406884,0.099156599,0.260542512,0.1392751311,0.0038750855,0.0517437885,0.2687485753,6001407102
0.5773081201,0.1948832036,0.2046718576,0.177753059,0.7334816463,0.5104321908,0.1937406855,0.7106017192,0.1948424069,0.4483870968,0.1222222222,0.7448979592,0.4102040816,0.6498210451,0.0954903364,0.0844667144,0.1385826772,0.0054402291,0.0261989979,0.5057981389,6001407200
0.6212389381,0.1958702065,0.1775811209,0.2477876106,0.7646017699,0.6220930233,0.2761627907,0.8585858586,0.0858585859,0.417218543,0.0518763797,1,0.5629370629,0.6371900826,0.1181818182,0.1099173554,0.0975206612,0.0061983471,0.0309917355,0.4276859504,6001407300
0.6083840917,0.2529559298,0.1433178072,0.2121103547,0.6990326048,0.7045454545,0.2045454545,0.934086629,0.1619585687,0.4910994764,0.1251308901,0.8333333333,0.6388888889,0.7011697197,0.0176561465,0.1816376076,0.0726109027,0.0019863165,0.024939307,0.4491282278,6001407400
0.6039379023,0.1821279818,0.160545248,0.2612646725,0.770920106,0.6938202247,0.2528089888,0.6359163592,0.1266912669,0.4484304933,0.1390134529,0.9230769231,0.3974358974,0.550360549,0.0416375901,0.2900674575,0.0646662014,0.0111653873,0.0421028146,0.3326354966,6001407500
0.7772998805,0.1541218638,0.3017921147,0.321385902,0.8929510155,0.7504930966,0.5207100592,0.9789081886,0.2301488834,0.56,0.1637735849,0.7879146919,0.586492891,0.320056899,0.167535957,0.390706496,0.0831357673,0,0.0385648807,0.1767030188,6001407600
0.920012747,0.1472275335,0.4391332059,0.3336520076,0.9773741236,0.9755067568,0.6756756757,0.9022869023,0.2182952183,0.8385542169,0.4289156627,0.9866939611,0.7287615148,0.1620572538,0.3000970403,0.4294032023,0.0499757399,0.0080058224,0.0504609413,0.076419214,6001407700
0.8759635599,0.1044148563,0.5360896987,0.2354590049,0.9243167484,0.9732888147,0.7429048414,0.8127753304,0.3788546256,0.8348623853,0.5963302752,0.9897540984,0.7745901639,0.198313783,0.3115835777,0.2364369501,0.2016129032,0.0010997067,0.0509530792,0.1671554252,6001407800
0.9513002364,0.053427896,0.6586288416,0.2392434988,0.9697399527,0.9536208299,0.6794141579,1,0.5966666667,0.7558139535,0.5988372093,0.9596566524,0.6832618026,0.0838844414,0.4970414201,0.1844761573,0.155586495,0.0191437522,0.0598677341,0.1552384267,6001407900
0.9535374868,0.0850052798,0.6821541711,0.1863780359,0.994720169,0.9527687296,0.7076547231,0.9672897196,0.6074766355,1,0.4031007752,0.9496964441,0.724197745,0.1248148148,0.5466666667,0.0925925926,0.1848148148,0.0125925926,0.0385185185,0.1674074074,6001408000
0.951641439,0.0866915667,0.628464714,0.2364851582,0.9771967761,0.9932553957,0.7149280576,0.9093725794,0.5290472502,0.9406175772,0.6080760095,0.9926936191,0.7106673161,0.1006329114,0.4004746835,0.2382911392,0.2036392405,0,0.0569620253,0.2063291139,6001408100
0.9129518072,0.1743975904,0.393373494,0.3451807229,0.9481927711,0.9282407407,0.6180555556,0.9811536265,0.2786978869,0.6164383562,0.3515981735,0.9245283019,0.6357039187,0.1560175055,0.1824945295,0.5142231947,0.0520787746,0.0142231947,0.0809628009,0.1461706783,6001408200
0.8290986895,0.1773201391,0.3495587055,0.3022198449,0.8964963894,0.8925022584,0.5013550136,0.9138851802,0.3210947931,0.5221674877,0.2397372742,0.9530416222,0.5442902882,0.2193382207,0.2250842084,0.3719041014,0.1167029919,0.013275213,0.0536952645,0.1955617198,6001408300
0.8104575163,0.2654600302,0.1533433886,0.3916540975,0.857717446,0.8742690058,0.2134502924,0.8217922607,0.0916496945,0.7337110482,0.1473087819,0.9308510638,0.3244680851,0.3780068729,0.0743517651,0.5029678226,0.0162449235,0.0059356451,0.0224929709,0.1871290222,6001408400
0.6416982153,0.237155219,0.13601947,0.2685235262,0.8223363981,0.5303030303,0.1060606061,0.8686987104,0.1864009379,0.3945912723,0.0774431469,0.432,0.168,0.536054877,0.024092354,0.3682449389,0.0220846579,0.02359043,0.0259327422,0.2874351681,6001408500
0.6472148541,0.2047263082,0.1897757415,0.2527128044,0.8186640945,0.6369863014,0.2157534247,0.9237555135,0.2413358538,0.3700828157,0.0848861284,1,0.3663366337,0.5235343856,0.0331172492,0.3518883878,0.0425591883,0.0026775648,0.0462232244,0.3062288613,6001408600
0.7559086395,0.3255213505,0.1823237339,0.2480635551,0.8796425025,0.5753286148,0.190091001,0.8834408602,0.2430107527,0.5934237996,0.0323590814,0.7359855335,0.3399638336,0.4507523075,0.0838285498,0.4187634341,0.0228853205,0,0.0237703882,0.2574282463,6001408700
0.569884364,0.2388134741,0.0299145299,0.30115636,0.8159879336,0.5276752768,0.0811808118,0.8187919463,0.0237949969,0.3333333333,0.0365923385,0.3982300885,0.0619469027,0.4663589313,0.0541334452,0.380193034,0.0430829487,0.0504965729,0.0057350678,0.3275982655,6001408800
0.6121602948,0.2330723169,0.1202210963,0.2588668816,0.8000921234,0.6224489796,0.2210884354,0.7949125596,0.0858505564,0.4411290323,0.0733870968,0.8796296296,0.537037037,0.6593344614,0.0493513818,0.2140439932,0.0456852792,0.0098702764,0.021714608,0.3846587704,6001408900
0.6899029824,0.3180021559,0.1645706073,0.2073302192,0.8365073662,0.7406015038,0.2932330827,0.8394736842,0.1149122807,0.5405610311,0.1993934799,0.890625,0.765625,0.5353104331,0.0200554726,0.3494772776,0.0471516962,0.0123746533,0.0356304672,0.2743759334,6001409000
0.6557591623,0.3147905759,0.0791884817,0.2617801047,0.8154450262,0.6534653465,0.0297029703,0.7794759825,0.0829694323,0.5636978579,0.0811724915,1,0,0.5923694779,0.0196787149,0.2787148594,0.0437751004,0.0072289157,0.0582329317,0.343373494,6001409100
0.6256292906,0.3125858124,0.0874141876,0.2256292906,0.8064073227,0.7258064516,0.2419354839,0.8290909091,0.1151515152,0.4375595806,0.04957102,0.9302325581,0.511627907,0.5702614379,0.0253267974,0.3096405229,0.0653594771,0,0.0294117647,0.348583878,6001409200
0.6600924499,0.2856702619,0.1405238829,0.2338983051,0.8154083205,0.8295081967,0.137704918,0.8651452282,0.0923236515,0.5065893516,0.1017395888,0.8755980861,0.3397129187,0.6517065812,0.0478974166,0.2460871205,0.0279087309,0.0050914577,0.0213086932,0.3665849519,6001409300
0.5508567262,0.2967553773,0.0842143638,0.1698869851,0.7302223843,0.5958646617,0.1015037594,0.8587127159,0.0580847724,0.3346153846,0.0256410256,1,0.2574257426,0.6960251046,0.0451882845,0.1523012552,0.0926778243,0.0031380753,0.0106694561,0.4533472803,6001409400
0.576433121,0.2492038217,0.0983280255,0.2289012739,0.7742834395,0.5010351967,0.0269151139,0.8597560976,0.1695121951,0.3697056712,0.0452261307,0.8440366972,0.0642201835,0.6487403101,0.0419089147,0.25,0.0167151163,0.0302810078,0.0123546512,0.359496124,6001409500
0.6002017485,0.2266308003,0.1039004707,0.2696704775,0.823470074,0.8530183727,0.1627296588,0.7465690759,0.1848124428,0.4650395778,0.0250659631,0.9256756757,0.3445945946,0.5701084773,0.0319405384,0.326034552,0.0468059462,0.0202892728,0.0048212133,0.3613901165,6001409600
0.6889736477,0.3169209431,0.1185852982,0.2534674064,0.7950762829,0.7668067227,0.1848739496,0.8853080569,0.1507109005,0.4989966555,0.0535117057,0.9277108434,0.186746988,0.5770386696,0.0354638349,0.3201763174,0.018833901,0.0070126227,0.0414746544,0.3396113003,6001409700
0.8795275591,0.1952755906,0.3562992126,0.3279527559,0.9716535433,0.96,0.5866666667,0.8311418685,0.275432526,0.8333333333,0.3279569892,1,0.6298701299,0.1251422071,0.2039249147,0.5529010239,0.042662116,0.0255972696,0.0497724687,0.1137656428,6001409800
0.9434163701,0.0871886121,0.5540925267,0.3021352313,0.9697508897,0.9263862333,0.5535372849,0.9690162665,0.5801704105,0.7120418848,0.2041884817,0.9470198675,0.6136865342,0.0809994509,0.2872048325,0.4708951126,0.0727622186,0.0093355299,0.0788028556,0.1123009336,6001409900
0.96692607,0.173151751,0.5571984436,0.2365758755,0.9961089494,0.9660023447,0.6213364596,0.9576427256,0.4815837937,0.8493150685,0.2876712329,0.9924337957,0.6683480454,0.0925354719,0.2884022209,0.4012954966,0.0487353486,0.0249845774,0.1440468846,0.1113510179,6001410000
0.9133978604,0.1966377993,0.2801833928,0.4365766684,0.9760570555,0.9789156627,0.4789156627,0.8872506505,0.2489158716,0.9230769231,0.2712550607,0.9757785467,0.4394463668,0.1754780652,0.1237345332,0.5545556805,0.0483689539,0.0074990626,0.0903637045,0.0708661417,6001410100
0.8073472875,0.3699273815,0.1674498078,0.2699700982,0.9205467749,0.5660377358,0.2830188679,0.9090236686,0.2085798817,0.6227154047,0.0796344648,1,0.5853658537,0.3523415978,0.014600551,0.5509641873,0.0286501377,0.032231405,0.0212121212,0.1539944904,6001410200
0.640569395,0.3318505338,0.1089857651,0.1997330961,0.84386121,0.6106623586,0.2003231018,0.962585034,0.1547619048,0.4672364672,0.0975783476,0.9036144578,0.2048192771,0.6551724138,0.0215193155,0.2486388385,0.0313715323,0.0238527353,0.0194451646,0.3510500389,6001410300
0.7417388515,0.2775104267,0.1937760667,0.270452358,0.85466795,0.8054054054,0.3117117117,0.9112769486,0.2205638474,0.518734388,0.0691090758,1,0.557312253,0.4771052044,0.0638820639,0.3361626089,0.1009604646,0.0026803663,0.0192092919,0.310475765,6001410400
0.8539057841,0.2093023256,0.2379248658,0.4066785927,0.9230769231,0.9038961039,0.4753246753,0.9059304703,0.154396728,0.6687116564,0.2760736196,0.9730639731,0.5151515152,0.098336414,0.1489833641,0.6107208872,0.1086876155,0.0140480591,0.0192236599,0.1582255083,6001410500
0.9642640824,0.0854027862,0.7474258025,0.1314354936,0.9860690491,0.9982206406,0.7793594306,1,1,0.9043478261,0.7826086957,0.9981325864,0.7712418301,0.0786885246,0.6172131148,0.0045081967,0.2098360656,0.0040983607,0.0856557377,0.1786885246,6001420100
0.9272567923,0.1042944785,0.6709027169,0.1520595968,0.9684487292,0.9937565036,0.7585848075,1,0.1554054054,0.9452736318,0.5124378109,0.993220339,0.7875706215,0.1206482593,0.3550420168,0.0558223289,0.3838535414,0.0204081633,0.0642256903,0.3868547419,6001420200
0.9009873061,0.0589562764,0.7074753173,0.1345557123,0.9528913963,0.9714693295,0.7296718973,0.9444444444,0.7666666667,0.6890909091,0.5436363636,0.9722921914,0.7363560034,0.1569218405,0.2977697408,0.0393811533,0.3992364878,0.0737392003,0.0329515773,0.4157122765,6001420300
0.9778894472,0.0351758794,0.7608040201,0.1819095477,0.9944723618,1,0.7773892774,NA,NA,0.9352941176,0.5098039216,1,0.8141993958,0.297844546,0.317112998,0.0120836055,0.3053559765,0.0120836055,0.0555192685,0.4454604833,6001420400
0.963821368,0.1181458451,0.6602600339,0.185415489,0.9881288864,0.9793601651,0.7770897833,0.7846153846,0.0461538462,0.8877005348,0.5240641711,0.9945945946,0.7902702703,0.111849824,0.5115369574,0.0539694955,0.2111849824,0.0132968322,0.0981619085,0.2553773954,6001420500
0.9897392048,0.0611372381,0.8294142796,0.099187687,0.9944420693,0.9886813809,0.8279569892,1,0,1,0.5882352941,0.9879807692,0.8431490385,0.1164144354,0.66443539,0.0034924331,0.1461001164,0.0154249127,0.0541327125,0.1373690338,6001420600
0.9892665474,0.0387596899,0.8658318426,0.0846750149,0.9964221825,0.9873150106,0.859055673,1,0.8333333333,0.8409090909,0.4090909091,0.9970348406,0.8851000741,0.0590211132,0.7835892514,0.0172744722,0.1070057582,0.0033589251,0.0297504798,0.2255278311,6001421100
0.9880617978,0.0126404494,0.891502809,0.0839185393,0.9919241573,0.9882352941,0.8845315904,1,0.5208333333,0.8532110092,0.6605504587,0.9950271248,0.896925859,0.041179744,0.7287145242,0.0133555927,0.101279911,0.0080690039,0.1074012243,0.2170283806,6001421200
0.9748177601,0.0321404904,0.8479125249,0.0947647449,0.9893969516,0.9915356711,0.8710197501,0.5405405405,0.2702702703,1,1,0.9914564687,0.869812856,0.0366640847,0.7864704364,0.0149754712,0.087787245,0.0020655822,0.0720371805,0.1254841208,6001421300
0.96875,0.0272435897,0.8453525641,0.0961538462,0.9727564103,0.9686888454,0.866927593,1,1,0.829787234,0.3404255319,0.9758308157,0.8761329305,0.0642594859,0.7337821297,0.0183598531,0.123623011,0.0189718482,0.041003672,0.1505507956,6001421400
0.9918088737,0.0255972696,0.8494880546,0.1167235495,0.9972696246,0.9966015293,0.8615123195,0.8709677419,0.5806451613,1,0.75,0.9965277778,0.8628472222,0.0473741202,0.777747699,0.0257173795,0.1174878181,0.0078505685,0.0238224147,0.1900378993,6001421500
0.9856492825,0.0164508225,0.8795939797,0.0896044802,0.9912495625,0.9819859402,0.8905975395,1,0.82,1,1,0.9814563546,0.8873812754,0.0398119989,0.7348631463,0.030964888,0.128836052,0.0055294443,0.0599944706,0.1805363561,6001421600
0.9848764294,0.0638140907,0.8376982663,0.0833640723,1,0.9794486216,0.8561403509,1,0.5217391304,1,0.6654275093,0.9783298097,0.8583509514,0.0924971363,0.682416953,0.0065864834,0.18069874,0.0014318442,0.0363688431,0.2136311569,6001421700
0.9774748074,0.0456431535,0.8037937167,0.1280379372,0.9863663308,0.9985007496,0.8305847076,0.9411764706,0.4117647059,0.9642857143,0.7142857143,1,0.8333333333,0.0303171642,0.7476679104,0.0144589552,0.1399253731,0.0018656716,0.0657649254,0.1683768657,6001421800
0.9746225506,0.052039833,0.7844522968,0.1381304208,0.9836170896,0.984063745,0.8251992032,0.9230769231,0.4743589744,0.9122137405,0.7061068702,0.9951033732,0.8482045702,0.1066890434,0.5622152961,0.053464397,0.1776552386,0.0100695277,0.0899064972,0.2035483098,6001421900
0.9339678763,0.0690065437,0.6609161214,0.2040452112,0.9649018441,0.9501246883,0.7165419784,0.7182320442,0.0662983425,0.9333333333,0.4666666667,0.9543057996,0.7434094903,0.0686456401,0.6433209647,0.1085343228,0.0816326531,0.0143784787,0.0834879406,0.1405380334,6001422000
0.9394725465,0.1067877216,0.6437527021,0.1889321228,0.9853004756,0.9860426929,0.788998358,0.9521912351,0.3824701195,0.8763557484,0.3600867679,0.9982222222,0.7946666667,0.2089163684,0.4702245363,0.1282134722,0.122030589,0.0104132769,0.0602017572,0.1962251871,6001422100
0.9525279815,0.1076804323,0.7082207642,0.136626785,0.9810883829,0.9538904899,0.7711815562,1,0.2105263158,0.8633879781,0.4262295082,0.969023569,0.8,0.1634229225,0.5295026259,0.0528266914,0.1578622181,0,0.0963855422,0.1754711152,6001422200
0.9877277798,0.0554109334,0.7657121607,0.1666046858,0.9970249163,0.9884088514,0.7781875659,0.8571428571,0.5584415584,0.9473684211,0.6315789474,0.9922265408,0.7795669073,0.0881141916,0.601701894,0.0288223991,0.2135602525,0.0016469942,0.0661542685,0.1501509745,6001422300
0.98621421,0.0402969247,0.833863556,0.1120537292,1,1,0.8976331361,0.6428571429,0.6428571429,0.9463276836,0.7033898305,1,0.8958051421,0.1372854914,0.4203253844,0.0124804992,0.3768665032,0.004011589,0.0490305326,0.4114107421,6001422400
0.9651500484,0.0435624395,0.8088092933,0.1127783156,0.986447241,0.9690230342,0.8165210485,0.8028169014,0.4084507042,0.9430379747,0.7278481013,0.9656992084,0.8223394899,0.0988636364,0.4734090909,0.0286363636,0.3370454545,0.0047727273,0.0572727273,0.285,6001422500
1,0,0.9503546099,0.0496453901,1,1,0.9102564103,1,1,1,1,1,0.8962962963,0.1236816874,0.3863854267,0.0306807287,0.4400767018,0,0.0191754554,0.5484180249,6001422600
0.9804587935,0.0458793543,0.6644010195,0.2701784197,0.9872557349,0.9988249119,0.6263219741,1,1,1,0.4153846154,0.998696219,0.6401564537,0.1655905811,0.4540448158,0.0239270794,0.2916824915,0.010824155,0.0539308773,0.2307254083,6001422700
0.9394495413,0.0917431193,0.6201834862,0.2275229358,0.9688073394,0.9353612167,0.6178707224,1,0.65625,1,0.4852941176,0.9265658747,0.6371490281,0.161407767,0.2846425419,0.0421447485,0.4481465137,0.0098190644,0.0538393645,0.2688658429,6001422800
0.9307069996,0.0763278227,0.5926837847,0.2616953922,0.9711572283,0.9777777778,0.7440329218,0.9331848552,0.3006681514,0.6890243902,0.2134146341,0.9921465969,0.7582897033,0.0525950356,0.3396979691,0.1199444541,0.4202395417,0.0270786322,0.0404443673,0.3195625759,6001422900
0.9936075598,0.0294608116,0.8060033352,0.158143413,0.9963868816,0.995543672,0.8698752228,1,0.0918918919,0.9805555556,0.5333333333,0.9970774476,0.9025815879,0.1203143894,0.5338573156,0.0485691254,0.2486900443,0.0010076582,0.0475614672,0.233172108,6001423000
0.9372475924,0.0745573159,0.6104380242,0.2522522523,0.9605467537,0.9938132733,0.8138357705,0.9207207207,0.2198198198,0.6550724638,0.3072463768,0.9982445875,0.8156816852,0.1291638341,0.4960344437,0.1661001586,0.1414004079,0.0097439384,0.0575572173,0.1994108316,6001423100
0.9178286853,0.1220119522,0.4163346614,0.3794820717,0.9815737052,0.9594450374,0.606189968,1,0.125,0.7931034483,0.2436781609,0.9826086957,0.7246376812,0.2719651241,0.3058350101,0.2243460765,0.0727699531,0.0345405768,0.0905432596,0.1589537223,6001423200
0.9443818113,0.1010898159,0.5922585494,0.2510334461,0.9601653514,0.9455587393,0.8008595989,0.9372442019,0.207366985,0.6720257235,0.2411575563,1,0.8613782051,0.1255707763,0.4440639269,0.2548515982,0.0950342466,0.0008561644,0.0796232877,0.1184360731,6001423300
0.9471193988,0.0495407737,0.6816031172,0.2159755079,0.9716114667,0.9925442684,0.8042870457,0.9043624161,0.288590604,0.7864693446,0.6152219873,1,0.8189473684,0.147975983,0.4935115243,0.1373232617,0.1218283943,0,0.0993608367,0.1448770095,6001423400
0.9545823195,0.0567721006,0.6735604217,0.2242497972,0.9748580697,0.9631147541,0.7704918033,0.9128440367,0.3509174312,0.8631178707,0.5475285171,0.9825889478,0.821347464,0.1421482779,0.4751897256,0.2019848219,0.1339754816,0.0072971395,0.0394045534,0.142732049,6001423500
0.9885768682,0.0414088529,0.8019990481,0.1451689672,0.9966682532,0.9948453608,0.8047680412,0.9444444444,0.626984127,0.9576719577,0.8941798942,1,0.7976680384,0.087233246,0.703481842,0.0516660427,0.092100337,0.016473231,0.0490453014,0.1546237364,6001423601
0.9656474141,0.0505851265,0.7678369196,0.1472253681,0.9826349566,0.9994541485,0.7860262009,1,0.5595238095,0.8156424581,0.7094972067,1,0.7729384437,0.0874693627,0.4728860294,0.0128676471,0.3530943627,0.0199142157,0.0537683824,0.2339154412,6001423602
1,0.0284337349,0.8539759036,0.1175903614,1,1,0.8848230354,1,1,1,0.8082901554,1,0.8746736292,0.1055930569,0.6140308582,0.0229026037,0.1986499518,0.0067502411,0.0520732883,0.1781581485,6001423700
0.9964043148,0.0431482221,0.8909308829,0.0623252097,1,0.9957507082,0.9050991501,1,0.2816901408,1,0.6829268293,0.9954887218,0.9187969925,0.0636302746,0.7943737441,0.0237776289,0.0706630944,0.0030140656,0.0445411922,0.1419959812,6001423800
0.9763239875,0.13894081,0.6404984424,0.1968847352,0.985046729,0.9697239537,0.6705253785,1,0.5240963855,0.862745098,0.362745098,0.9941176471,0.7029411765,0.1392405063,0.6275559883,0.1066212269,0.0910418695,0.011684518,0.0238558909,0.1606621227,6001423901
0.9853733641,0.0700538876,0.8421862972,0.0731331794,0.9946112394,0.9848024316,0.865248227,0.9565217391,0.7173913043,0.9692307692,0.7230769231,0.98434238,0.8674321503,0.0598130841,0.707165109,0.0292834891,0.154517134,0.0012461059,0.0479750779,0.1750778816,6001423902
0.8778123918,0.1433021807,0.528556594,0.2059536172,0.921426099,0.9510763209,0.6816699282,0.903276131,0.2776911076,0.6968973747,0.2863961814,0.9482044199,0.6940607735,0.1629004222,0.4683387137,0.2215048423,0.0834368016,0.0223491433,0.041470077,0.1931959275,6001424001
0.9146341463,0.2073170732,0.4623059867,0.2450110865,0.9578713969,0.9770723104,0.7795414462,0.9457831325,0.3162650602,0.8121019108,0.2292993631,0.9750957854,0.7796934866,0.226867983,0.2737127371,0.3360433604,0.1033681765,0.0073557878,0.0526519551,0.1815718157,6001424002
0.9779179811,0.080126183,0.7514195584,0.1463722397,0.9829652997,0.9833822092,0.7517106549,1,0.775862069,0.8144329897,0.7216494845,0.9903846154,0.7467948718,0.0584689572,0.5840867993,0.0349608198,0.2525617842,0.0078360458,0.0620855937,0.4141048825,6001425101
0.9690721649,0.0909090909,0.7594501718,0.1187129022,0.987503905,1,0.7540603248,0.9644128114,0.4341637011,1,0.8093645485,1,0.7525423729,0.0898617512,0.3402457757,0.0832053251,0.4080901178,0.019969278,0.0586277522,0.4301075269,6001425102
0.975502008,0.037751004,0.7634538153,0.1742971888,0.9883534137,0.9794140934,0.8234362629,0.9043715847,0.5,0.9576719577,0.7671957672,0.9841549296,0.8177816901,0.0747763864,0.4361359571,0.1531305903,0.2633273703,0.0007155635,0.0719141324,0.2107334526,6001425103
0.9560085837,0.1373390558,0.5987124464,0.2199570815,0.9788984263,0.9897637795,0.7503937008,0.9108761329,0.2311178248,0.9264705882,0.5294117647,0.9905902481,0.7656116339,0.1361966657,0.3608363945,0.2658943204,0.1805594801,0.0081944052,0.0483187341,0.1720825092,6001425104
1,0.052369617,0.8320709803,0.1155594027,1,1,0.8623208767,1,0,1,0.5454545455,1,0.86628734,0.0205489956,0.7334764607,0.0069007821,0.1990492256,0,0.0400245361,0.1140929305,6001426100
0.9848759831,0.0438596491,0.8378705384,0.1031457955,0.9954627949,0.9830575256,0.853821907,1,0.2372881356,1,0.5157232704,0.9820234114,0.8733277592,0.070058382,0.6759799833,0.0229357798,0.1505421184,0.0043786489,0.0761050876,0.1007089241,6001426200
0.9500339905,0.1179469748,0.5832766825,0.2488103331,0.9819850442,0.9617660446,0.6081019572,0.9272727273,0.0727272727,0.9152046784,0.418128655,0.9610326352,0.6190940088,0.1610062893,0.641509434,0.013836478,0.1426415094,0.0178616352,0.0231446541,0.1579874214,6001427100
0.8557133635,0.1923821821,0.4615881214,0.20174306,0.9422207876,0.9317889318,0.5225225225,0.8198198198,0.3693693694,0.7337962963,0.2407407407,0.976006192,0.5897832817,0.1679425837,0.4004784689,0.0291866029,0.3545454545,0.0088516746,0.0389952153,0.314354067,6001427200
0.9345343821,0.1301700076,0.5706673433,0.2336970312,0.9507739152,0.968066233,0.6534594914,0.9413919414,0.380952381,0.8092643052,0.4495912807,0.9750164366,0.6758711374,0.1086793865,0.3733632623,0.0722035166,0.3756079312,0.0155256266,0.0546202768,0.3174335952,6001427300
0.8058472892,0.1319897814,0.3945500993,0.2793074085,0.9415271076,0.8898643256,0.522745411,0.8605577689,0.187250996,0.4728915663,0.1355421687,0.9374449339,0.5594713656,0.1026923077,0.2851923077,0.1875,0.3442307692,0.0165384615,0.0638461538,0.3798076923,6001427600
0.9384066587,0.1595719382,0.5029726516,0.275862069,0.9645659929,0.9903888161,0.5923984273,1,0.356741573,0.8767123288,0.2260273973,0.9893975904,0.6178313253,0.1770813305,0.4845222073,0.0944049221,0.178811767,0.0042299558,0.0609498173,0.2143818496,6001427700
0.8872699387,0.0930470348,0.5342535787,0.2599693252,0.9877300613,0.8695458593,0.5770258237,1,0.7173913043,1,0.3636363636,0.8642261353,0.5746061168,0.0987081147,0.5387565604,0.0476382721,0.2169963666,0.0060557126,0.0918449738,0.1958013726,6001427800
0.9148406375,0.1551294821,0.5174302789,0.2422808765,0.9728585657,0.989063867,0.6321084864,1,0.5037878788,0.910041841,0.2531380753,0.9925705795,0.6820208024,0.1425178147,0.4813935075,0.045922407,0.2834520982,0.0067300079,0.0399841647,0.2403008709,6001427900
0.8736131211,0.0964785335,0.5055475157,0.2715870719,0.8895320791,0.9511400651,0.6525515744,1,0.125748503,0.5123152709,0.2955665025,1,0.7061790668,0.2339242266,0.3628779979,0.0531803962,0.2714633299,0.0010427529,0.0775112965,0.2589502954,6001428000
0.9104604889,0.116827743,0.5807276862,0.2129050597,0.9533826038,0.9256880734,0.6128440367,0.9894736842,0.4157894737,0.883161512,0.5670103093,0.9364764268,0.6317617866,0.1157263897,0.5275883447,0.0650960942,0.2174002893,0.0227319694,0.0514569126,0.2122339326,6001428100
0.9330870279,0.091543514,0.5470032841,0.2945402299,0.9784482759,0.965202109,0.5775043937,1,0.4773662551,0.9253472222,0.2760416667,0.9620253165,0.6014576141,0.1282167726,0.5178625492,0.0626702997,0.2111716621,0.0045413261,0.0755373903,0.2093551317,6001428200
0.9431004451,0.1194116509,0.5324172634,0.2912715309,0.9665182891,0.9731838128,0.5333983423,0.8817204301,0.6666666667,1,0.2355371901,0.9708994709,0.5513227513,0.1059502542,0.3166139893,0.046447712,0.435206816,0.0141541844,0.0816270441,0.2430946819,6001428301
0.9422329198,0.0533234586,0.7156082207,0.1733012405,0.9677837438,0.9596309112,0.6574394464,1,0.7385620915,0.963562753,0.7125506073,0.9609756098,0.6601626016,0.0645204741,0.4168911638,0.0261314655,0.4290140086,0.0055226293,0.0579202586,0.2359913793,6001428302
0.9178918169,0.120110957,0.5453536755,0.2524271845,0.9442441054,0.9460043197,0.557775378,0.9266503667,0.4180929095,0.8389830508,0.4440677966,0.9785575049,0.5860948668,0.1755691769,0.3971103327,0.1074868651,0.2473730298,0.0133537653,0.0591068301,0.2235113835,6001428400
0.8945278023,0.1288614298,0.5895851721,0.1760812004,0.9466019417,0.9711451758,0.696122633,0.9346733668,0.3065326633,0.7385321101,0.376146789,0.9729990357,0.7049180328,0.1281885696,0.4113658379,0.0794317081,0.2757507265,0.026477236,0.0787859219,0.3293509848,6001428500
0.9012118986,0.0756518546,0.588688946,0.2368710981,0.9533602644,0.9738461538,0.6584615385,0.903030303,0.4727272727,0.9104477612,0.3059701493,0.9790322581,0.6741935484,0.0602200347,0.4296467863,0.073537927,0.3422119282,0.005790388,0.0885929357,0.2958888246,6001428600
0.8781669151,0.1058122206,0.5003725782,0.2719821162,0.956780924,0.987027027,0.6021621622,0.873853211,0.3325688073,0.8579545455,0.3948863636,1,0.5843621399,0.1625670841,0.2741502683,0.168157424,0.3266994633,0.0064847943,0.061940966,0.2558139535,6001428700
0.9472417252,0.1025075226,0.6314944835,0.2132397192,0.9755265797,0.9569707401,0.5691336776,1,0.6355421687,0.8723404255,0.4072948328,0.9792713568,0.6155778894,0.0936860567,0.2895352236,0.0644548378,0.4970768781,0.0133002046,0.0419467992,0.3820520316,6001430101
0.965408805,0.1341719078,0.5476939203,0.2835429769,0.9769392034,0.9869431644,0.5007680492,1,0.6363636364,0.8106796117,0.359223301,0.9947916667,0.5217013889,0.1229372937,0.5783828383,0.0169141914,0.1934818482,0.0152640264,0.073019802,0.178630363,6001430102
0.9360476663,0.1553128103,0.5374379345,0.2432969215,0.9700099305,0.945971268,0.5640224859,1,0.4068441065,0.7630979499,0.3986332574,0.971250433,0.5781087634,0.0946496074,0.5646990404,0.0471067171,0.2384414074,0.0114858971,0.0436173306,0.2138703111,6001430200
0.9253081943,0.1649746193,0.4474256708,0.3129079043,0.9467005076,0.9717720857,0.4532148458,1,0.7441860465,0.8791946309,0.1946308725,0.9814600232,0.4762456547,0.1312075274,0.5585467852,0.0112388918,0.2550967067,0.006795609,0.0371144799,0.211709357,6001430300
0.9774774775,0.185971686,0.5006435006,0.2908622909,0.9826254826,0.9928315412,0.5170250896,1,0.5625,0.9038461538,0.2756410256,0.9961013645,0.5506822612,0.1172282867,0.5899383009,0.0151874703,0.2206929283,0.004271476,0.0526815377,0.1551969625,6001430400
0.8599158092,0.1994855005,0.3381665108,0.3222637979,0.9490177736,0.9134312697,0.4039874082,0.9115646259,0.2206025267,0.7407407407,0.2279202279,0.9602888087,0.4592057762,0.1922498747,0.2933021547,0.2485385001,0.2184733589,0.0090195423,0.0384165692,0.2365124436,6001430500
0.9254658385,0.1949509116,0.4646363454,0.2658785814,0.9410939691,0.9481056988,0.4361668259,1,0.5049180328,0.8522727273,0.2159090909,0.965293669,0.4874141876,0.1278137527,0.4614554425,0.0749306198,0.2755164971,0.0104841196,0.0497995683,0.2525439408,6001430600
0.9653414883,0.1950390758,0.4665307509,0.3037716616,0.9711179069,0.9844559585,0.4519286126,1,0.31875,0.9810298103,0.3116531165,0.9827255278,0.465131158,0.1580335731,0.5014388489,0.0486810552,0.2110311751,0.0105515588,0.070263789,0.1985611511,6001430700
0.9176717357,0.2142108023,0.4022024122,0.3012585212,0.9452018878,0.9550469963,0.3759705762,0.9406779661,0.5762711864,0.764084507,0.3028169014,0.9810989011,0.3991208791,0.0749716017,0.5708065127,0.0153351003,0.279250284,0.0202574782,0.0393790231,0.2205603938,6001430800
0.8483835006,0.1953734671,0.3207915273,0.3322185061,0.9152731327,0.8700934579,0.3289719626,0.9229024943,0.20861678,0.6612641815,0.1750405186,0.9397227245,0.3658830621,0.2100207195,0.4211715954,0.0968167263,0.1902429836,0.0113015634,0.0704464118,0.2921454134,6001430900
0.9223768737,0.2237687366,0.4079229122,0.2906852248,0.9785867238,0.9466403162,0.3537549407,1,0.4926470588,0.9657794677,0.1711026616,0.943324937,0.4143576826,0.1944544472,0.3651422398,0.0568959309,0.3075261073,0.0072020166,0.0687792582,0.3280518545,6001431000
0.8571428571,0.2275835866,0.2963525836,0.3332066869,0.9171732523,0.8372943327,0.2693479586,0.9560185185,0.1805555556,0.6255088195,0.1343283582,1,0.3528225806,0.3035664139,0.3190115136,0.1704577366,0.1215950576,0.0252737995,0.0600954788,0.2316764954,6001431100
0.9354268023,0.2134011499,0.4444935869,0.2775320655,0.9590888987,0.9763418079,0.4699858757,0.9946808511,0.4308510638,0.9734848485,0.5315656566,0.970995671,0.4337662338,0.2332256907,0.4639397201,0.1063867958,0.1393972013,0,0.057050592,0.2242554718,6001431200
0.9375232428,0.1613982893,0.5146894756,0.2614354779,0.9620676832,0.9684625493,0.5039421813,0.9943977591,0.4593837535,0.8779069767,0.1715116279,0.9713235294,0.525,0.1779518747,0.4513150532,0.1155567991,0.186345831,0.0254616676,0.0433687745,0.2006155568,6001432100
0.925987388,0.20544308,0.4692997013,0.2512446067,0.9694656489,0.9540983607,0.52,0.9162561576,0.4712643678,0.8828828829,0.2252252252,0.972734563,0.5693664796,0.2422756253,0.3457577244,0.2209416381,0.1186856302,0.0171652771,0.055174105,0.2324668955,6001432200
0.8306650246,0.2195197044,0.3645320197,0.2466133005,0.9125615764,0.8590381426,0.3971807629,1,0.5864661654,0.6828193833,0.1751101322,0.9222082811,0.5194479297,0.3305227656,0.190767285,0.1142495784,0.2752951096,0.0303541315,0.0588111298,0.3705733558,6001432300
0.7953254696,0.2667103539,0.2247706422,0.3038444736,0.9108781127,0.7585560244,0.1964369433,0.9926199262,0.2767527675,0.6801242236,0.1633540373,0.8911290323,0.25,0.4212480366,0.1699271741,0.0664001142,0.2981579323,0.017992289,0.0262744538,0.4088247894,6001432400
0.7594898269,0.2550865472,0.2323109626,0.272092317,0.8779228667,0.7886323268,0.1563055062,0.8047337278,0.201183432,0.5976095618,0.1381142098,0.9173553719,0.1966942149,0.2976926246,0.1697569015,0.0729295426,0.4167696745,0.0111248455,0.0317264112,0.4602389782,6001432501
0.7627025542,0.2334523483,0.2730019225,0.2562482834,0.8890414721,0.6197309417,0.0878923767,0.9756097561,0.4430894309,0.4475079533,0.0434782609,0.8776978417,0.1582733813,0.2970258787,0.1380842024,0.1324835844,0.4076863654,0.011201236,0.0135187331,0.4308613364,6001432502
0.8374584411,0.1867380864,0.3165866273,0.3341337274,0.9322127817,0.8775510204,0.3216503993,0.9489130435,0.3641304348,0.669122572,0.1527126591,0.9947054931,0.4083388484,0.3034218373,0.2542950447,0.1462444981,0.2496095414,0.0154763595,0.030952719,0.3044157319,6001432600
0.9090029042,0.1732817038,0.4138431752,0.3218780252,0.9728944821,0.9360902256,0.4541353383,0.8571428571,0.4910714286,0.8647342995,0.3550724638,0.972168906,0.4798464491,0.2581676136,0.4399857955,0.0596590909,0.1647727273,0.0152698864,0.0621448864,0.2020596591,6001432700
0.9013571665,0.2082092023,0.4597815293,0.233366435,0.9745117511,0.9404672193,0.5840241145,0.8390501319,0.2744063325,0.859929078,0.3333333333,0.961026616,0.6283269962,0.2136215129,0.2935410907,0.1035436039,0.335511435,0.0115606936,0.0422216637,0.2746921337,6001432800
0.8922050562,0.2608848315,0.4213483146,0.2099719101,0.952247191,0.90546875,0.42265625,1,0.34,0.8118811881,0.2732673267,0.9575892857,0.4955357143,0.2060755337,0.3002189381,0.0588396278,0.4003831418,0.0145046524,0.0199781062,0.3793103448,6001433000
0.8475757576,0.2448484848,0.3227272727,0.28,0.9112121212,0.8038852914,0.3172987974,0.9569230769,0.1846153846,0.6873706004,0.2080745342,0.9612903226,0.3849462366,0.3616499443,0.1117056856,0.0862876254,0.4133779264,0.0011148272,0.0258639911,0.4229654404,6001433102
0.8305967161,0.213856628,0.2350820985,0.3816579896,0.9463356027,0.8074745187,0.2514156285,0.958,0.244,0.6744730679,0.1194379391,0.9815242494,0.3394919169,0.4294635254,0.1370990633,0.1657678115,0.2463809253,0.0056769798,0.0156116946,0.3238717003,6001433103
0.7985948478,0.2833723653,0.3395784543,0.1756440281,0.9461358314,0.7237237237,0.3708708709,0.9857142857,0.3206349206,0.6796116505,0.2415048544,0.7524429967,0.3593919653,0.298603652,0.2849087003,0.2177765843,0.1211063373,0.0077873255,0.0698174006,0.3015574651,6001433104
0.8018424855,0.2723988439,0.1918352601,0.3376083815,0.8780708092,0.7990373045,0.1173285199,0.7560073937,0.1719038817,0.6869384934,0.0366275052,0.8702422145,0.1686851211,0.2865723939,0.1746965336,0.1211362783,0.3644099612,0.0078838694,0.0453009636,0.4152171193,6001433200
0.7939125999,0.296378167,0.2319333447,0.2656010883,0.8819928584,0.8710691824,0.1608265948,0.45,0,0.6472929936,0.0684713376,0.9175074184,0.1774480712,0.2345058626,0.266589357,0.0027058369,0.4499420178,0.0202293519,0.0260275738,0.4335781471,6001433300
0.8723941883,0.253737629,0.3733417562,0.2453148031,0.9111391872,0.9324635457,0.2279355334,1,0.3550724638,1,0.1232876712,0.9049676026,0.2764578834,0.0903269296,0.1648129424,0.0928547354,0.5630266262,0.0367374452,0.0522413212,0.3786653185,6001433400
0.8085451595,0.1965927528,0.3047593294,0.3071930773,0.8967009194,0.928,0.4050909091,0.4451612903,0,0.7763347763,0.2236652237,0.9279359431,0.4199288256,0.2267080745,0.2645962733,0.0422360248,0.4658385093,0.000621118,0,0.3782608696,6001433500
0.8197309417,0.2914798206,0.2883408072,0.2399103139,0.8930493274,0.9069343066,0.3114355231,0.8733509235,0.3403693931,0.7661538462,0.1569230769,0.9592976856,0.3679169992,0.1768953069,0.2312110272,0.0871348868,0.4084345258,0.0393829997,0.0569412537,0.4056448966,6001433600
0.7725158562,0.244397463,0.2274841438,0.3006342495,0.8579281184,0.7126258714,0.153369481,1,0.3112582781,0.6647254576,0.1181364393,0.8945945946,0.1540540541,0.5749357693,0.1304596061,0.0530973451,0.1869825864,0.0074222095,0.0471024836,0.4187838995,6001433700
0.7786040223,0.2835896569,0.2224100051,0.2726043603,0.9087375359,0.8238070267,0.2328264289,0.8976109215,0.3293515358,0.6785270997,0.1170872983,0.9112781955,0.384962406,0.4480987896,0.0937767453,0.077637853,0.3710722582,0.0035456657,0.0058686881,0.452255777,6001433800
0.7123745819,0.2414297659,0.1722408027,0.2987040134,0.8716555184,0.5,0.1053811659,0.9286846276,0.116481775,0.4892227302,0.0992815153,0.6684981685,0.2307692308,0.4062459336,0.1072218608,0.2231620039,0.1591411841,0.0502277163,0.0540013012,0.3626545218,6001433900
0.7415633112,0.2777617537,0.182867032,0.2809345255,0.8526103259,0.6763313609,0.1828402367,0.838641189,0.2526539278,0.6272670419,0.1363352095,0.8506493506,0.2402597403,0.4662542182,0.1366704162,0.1631046119,0.1880389951,0.0037495313,0.0421822272,0.3629546307,6001434000
0.93896442,0.1235175007,0.5264680359,0.2889788834,0.9516922187,0.9317751105,0.4693619709,0.9951298701,0.4918831169,0.846031746,0.3174603175,0.9791863765,0.550614948,0.2943932784,0.2753271934,0.1396025206,0.2333171756,0.0066246566,0.0507351753,0.2982711262,6001435102
0.9325502084,0.1062902615,0.6172792725,0.2089806745,0.9514967791,0.9320737742,0.5209176788,0.9887892377,0.5560538117,0.8507936508,0.3031746032,0.9664113141,0.6116676488,0.1080862534,0.2935309973,0.0745283019,0.44393531,0.0021563342,0.0777628032,0.3412398922,6001435103
0.8403496664,0.2415458937,0.2767425811,0.3220611916,0.9581320451,0.8429438543,0.2723823976,1,0.1255411255,0.6971153846,0.1504120879,0.8349381018,0.386519945,0.3856465588,0.1433709335,0.1100212522,0.262710479,0.0380905673,0.0601602093,0.448749387,6001435104
0.8968120805,0.1798098434,0.3484340045,0.3685682327,0.9312080537,0.9549763033,0.2804107425,0.9411042945,0.3042944785,0.8294360385,0.1196698762,0.9637362637,0.3846153846,0.2738785147,0.2240824211,0.197681906,0.2363168062,0.0135222151,0.0545181369,0.327967375,6001435200
0.8905573202,0.2079122148,0.3260179036,0.3566272018,0.9272307248,0.8593103448,0.2937931034,0.9691011236,0.3202247191,0.696969697,0.1139393939,0.9512893983,0.3772683859,0.271154252,0.2502637687,0.2312724203,0.1576281916,0.0605612999,0.0291200675,0.2667229373,6001435300
0.9122541604,0.3177004539,0.2835098336,0.3110438729,0.965204236,0.871559633,0.2110091743,0.9949302915,0.3510773131,0.7864864865,0.0864864865,0.9231722429,0.2503097893,0.2375495813,0.2183781401,0.2703834288,0.1952401939,0.0116791538,0.066769502,0.2974878801,6001435400
0.7975721785,0.2614829396,0.2217847769,0.3143044619,0.8864829396,0.886716116,0.254888739,0.8719211823,0.0985221675,0.6619318182,0.1439393939,0.9227799228,0.2693050193,0.4142606076,0.2909866934,0.1144865679,0.1122269646,0.0386643234,0.0293748431,0.3447150389,6001435500
0.7293564502,0.2876873347,0.1857184837,0.2559506318,0.8539523949,0.6448598131,0.1560028756,0.9646464646,0.1868686869,0.5779761905,0.0898809524,0.8667820069,0.2439446367,0.5725891911,0.1110914871,0.1269869304,0.1292829389,0.0363829036,0.0236665489,0.3505828329,6001435601
0.7942735949,0.348621421,0.1802757158,0.2653764581,0.9162248144,0.7780847145,0.1712707182,0.7838709677,0.2677419355,0.6913445836,0.0489929232,0.9248251748,0.2543706294,0.5688611773,0.2387676508,0.0663854759,0.1041628461,0.0089858793,0.0128369705,0.296534018,6001435602
0.7080762007,0.2471156426,0.1945264288,0.2664341293,0.8564529112,0.7364718615,0.1493506494,0.9197080292,0.3771289538,0.5724043716,0.087431694,0.8582600196,0.1818181818,0.4746702351,0.213343529,0.1135538138,0.1397438348,0.0344102466,0.0242783407,0.3794685529,6001435700
0.829153605,0.2486938349,0.2682863114,0.3121734587,0.9370428422,0.8989653074,0.2020693853,0.9142857143,0,0.8031609195,0.2068965517,0.8886861314,0.223540146,0.4311744543,0.226050875,0.0122677251,0.2790907451,0.0034277467,0.0479884539,0.3113837272,6001435800
0.8516971279,0.2892950392,0.2838120104,0.2785900783,0.9190600522,0.9305058763,0.2263668881,1,0.4055944056,0.7928870293,0.1213389121,0.951183432,0.2655325444,0.3295475703,0.2861664495,0.0344442376,0.3099981381,0.0160119158,0.0238316887,0.3163284305,6001435900
0.878483835,0.3054626533,0.2686733556,0.3043478261,0.9478818283,0.8680057389,0.2362505978,0.5797101449,0.3623188406,0.8153495441,0.126899696,0.9239904988,0.2961203484,0.4242543946,0.2974521035,0.0084929883,0.2443215485,0.0094805451,0.0159984199,0.2737507407,6001436000
0.7995249406,0.2952494062,0.2432304038,0.2610451306,0.8902612827,0.745187901,0.2076076994,1,0.4122137405,0.6415335463,0.1220447284,0.8758049678,0.2704691812,0.4152584909,0.2054542413,0.035134683,0.2430985444,0.0614020412,0.0396519993,0.3550276058,6001436100
0.7359909741,0.3501316284,0.1132004513,0.2726588943,0.8713802181,0.6478873239,0.0906690141,0.8436213992,0.0925925926,0.6146723647,0.0327635328,0.8694638695,0.1515151515,0.5754805438,0.1061884669,0.164556962,0.1120487576,0.0089076418,0.0328176278,0.3321612752,6001436200
0.7649747793,0.2191046658,0.3360655738,0.2098045397,0.8537200504,0.7870739265,0.2177954847,0.7955882353,0.2867647059,0.6037352822,0.1051563134,0.972027972,0.3556443556,0.4816814909,0.1313002965,0.097098687,0.2660948751,0.0060355781,0.0177890724,0.3836298179,6001436300
0.9033117625,0.2086029692,0.4206318995,0.2740768938,0.9693566806,0.8983253589,0.370414673,1,0.4924242424,0.7589285714,0.3,0.956219968,0.385477843,0.206050467,0.3485292067,0.1442910916,0.2222222222,0.0151958734,0.063711139,0.2099539941,6001436401
0.9370437956,0.1172445255,0.5072992701,0.3125,0.9511861314,0.9236641221,0.4992366412,0.9959183673,0.5020408163,0.8842592593,0.5046296296,0.9511241447,0.4965786901,0.1886094675,0.4204881657,0.1087278107,0.2089497041,0.0062869822,0.0669378698,0.2699704142,6001436402
0.8381231672,0.295601173,0.3190615836,0.2234604106,0.9167155425,0.8102600141,0.3021784961,0.9617834395,0.4777070064,0.698459281,0.1628760088,0.9359534207,0.4104803493,0.4455813953,0.1486511628,0.0958139535,0.2139534884,0.0379534884,0.0580465116,0.4,6001436500
0.8299232737,0.3678601876,0.1745524297,0.2875106564,0.9149616368,0.8173326414,0.1598339388,0.8853333333,0.1066666667,0.7130745203,0.1320838911,0.9511873351,0.2058047493,0.5547708273,0.1278466417,0.0673104641,0.1513404439,0.0020178726,0.0967137504,0.4038627847,6001436601
0.7668621701,0.3906158358,0.1521994135,0.2240469208,0.8568914956,0.5298969072,0.1432989691,0.9472049689,0.0388198758,0.6132785763,0.099247091,0.8852459016,0.2983606557,0.4846469783,0.1044396636,0.1372970859,0.2084881674,0.0336397418,0.031488363,0.4793663211,6001436602
0.8679750223,0.3068688671,0.2528991971,0.3082069581,0.9139161463,0.8037209302,0.2344186047,0.9344262295,0.2131147541,0.8171828172,0.1488511489,0.9060542797,0.2630480167,0.484532925,0.2012251149,0.0594180704,0.2131699847,0.004287902,0.0373660031,0.3264931087,6001436700
0.8656565657,0.2855218855,0.3057239057,0.2744107744,0.9572390572,0.8908872902,0.2925659472,0.9427710843,0.2771084337,0.781152648,0.1721183801,0.9086859688,0.2694877506,0.4593792789,0.1204929256,0.1346417161,0.2190780466,0.0403925148,0.026015518,0.3619351894,6001436800
0.7543163789,0.2431171255,0.2344843677,0.2767148857,0.8476434904,0.7006937562,0.1080277502,0.9716088328,0.1072555205,0.5832575068,0.075978162,0.9203125,0.228125,0.5589325426,0.1220163084,0.0723498888,0.1891771683,0.028762046,0.028762046,0.347516679,6001436900
0.858203415,0.28359317,0.285077951,0.289532294,0.9220489978,0.8334849864,0.2156505914,0.9722222222,0.3125,0.780395853,0.1253534402,0.8666666667,0.2754385965,0.4403091898,0.1803607214,0.0566847982,0.2359003722,0.0463784712,0.0403664472,0.4028056112,6001437000
0.8712121212,0.222107438,0.3648415978,0.2842630854,0.9299242424,0.899503037,0.2683600221,0.9289215686,0.3406862745,0.6528117359,0.0603096985,0.9662363456,0.4240317776,0.2347781874,0.1506292106,0.0735985763,0.4300241515,0.0634295157,0.0475403585,0.4448964027,6001437101
0.8054461942,0.3228346457,0.1837270341,0.2988845144,0.9143700787,0.8633540373,0.201863354,0.8764478764,0.2471042471,0.7928571429,0.1657142857,0.9554565702,0.2026726058,0.2939615129,0.1172307012,0.0789648308,0.4173855342,0.0050873701,0.0873700509,0.4308781243,6001437102
0.8773905273,0.2105451296,0.3349419124,0.3319034853,0.9358355675,0.8241996744,0.2919153554,1,0.1894150418,0.7064093728,0.1474844935,0.964253798,0.3315460232,0.279743624,0.1809320336,0.0552810789,0.3896381359,0.0389905194,0.0554146081,0.4001869408,6001437200
0.7925200356,0.3161175423,0.2511130899,0.2252894034,0.8980409617,0.7902973396,0.2472613459,0.8070175439,0.1894736842,0.7115869018,0.1272040302,0.8830409357,0.2865497076,0.3811412878,0.1382361916,0.1229783338,0.2834909979,0.0189197437,0.0552334452,0.4473603906,6001437300
0.7903563941,0.3241090147,0.1828092243,0.2834381551,0.9044025157,0.7824222937,0.1886387996,1,0.376,0.7275862069,0.0956896552,0.9027027027,0.2189189189,0.5443328551,0.1397417504,0.0393113343,0.2450502152,0.0241032999,0.0074605452,0.3664275466,6001437400
0.7140144322,0.3665020889,0.1162172427,0.2312951006,0.8796050133,0.650678733,0.1529411765,1,0.0404040404,0.5919312169,0.0218253968,0.8413001912,0.3078393881,0.6605605827,0.1368351357,0.0286912381,0.1637607592,0.0019863165,0.0081659678,0.3802692562,6001437500
0.8242307692,0.3142307692,0.1873076923,0.3226923077,0.9065384615,0.7908101572,0.1318016929,0.8666666667,0.1407407407,0.7270788913,0.0906183369,0.8865740741,0.1458333333,0.42760181,0.1312217195,0.060520362,0.3198529412,0.0268665158,0.0339366516,0.4417420814,6001437600
0.7059090909,0.3440909091,0.1077272727,0.2540909091,0.9095454545,0.6982857143,0.0777142857,0.9115044248,0.1327433628,0.5736040609,0.0439932318,0.9819494585,0.1227436823,0.5913066525,0.0927643785,0.1288099655,0.130400212,0.0347203817,0.0219984098,0.3673469388,6001437701
0.5229841748,0.3266767144,0.0523737754,0.143933685,0.7102486812,0.3689655172,0.0267241379,0.9349593496,0,0.4007936508,0.0391865079,1,0,0.7583236321,0.046798603,0.0654249127,0.0866123399,0.0174621653,0.0253783469,0.4759022119,6001437702
0.8645361991,0.3501131222,0.2188914027,0.2955316742,0.9309954751,0.8741071429,0.1803571429,0.7563451777,0.1065989848,0.7397868561,0.0586145648,0.9183673469,0.2100840336,0.3908345007,0.19451671,0.0290174104,0.3091855113,0.0382229338,0.0382229338,0.3668200921,6001437800
0.8165639973,0.4154688569,0.1745379877,0.2265571526,0.893908282,0.7627811861,0.1472392638,0.8737864078,0.0873786408,0.7509881423,0.0869565217,0.9545454545,0.2575757576,0.5937096079,0.1197759586,0.0525635502,0.1525204653,0.0517018526,0.0297285653,0.3722533391,6001437900
0.9182324287,0.347947112,0.3514265832,0.2188587335,0.9756437022,0.8773584906,0.1946826758,0.9669811321,0.5566037736,0.7821782178,0.0775577558,0.9067702553,0.2108768036,0.2697368421,0.2722672065,0.0799595142,0.328694332,0.0063259109,0.0430161943,0.2750506073,6001438000
0.8237861429,0.3447899618,0.2051282051,0.273867976,0.9308965266,0.8472142447,0.1441700172,1,0.1658291457,0.6647872886,0.1035366479,0.9157581764,0.1228939544,0.4077284218,0.1597447935,0.0721078608,0.2954135067,0.0252798844,0.0397255327,0.3428433851,6001438100
0.7652046784,0.3926900585,0.1944444444,0.1780701754,0.8994152047,0.6891284816,0.1446540881,0.9957264957,0.3974358974,0.6482067511,0.0975738397,0.8960244648,0.1773700306,0.6209175739,0.0783437014,0.0641524106,0.1617418351,0.0268273717,0.0480171073,0.3946345257,6001438201
0.8926104972,0.3352900552,0.2679558011,0.2893646409,0.924378453,0.8852459016,0.2472677596,1,0,0.8241106719,0.1324110672,0.9299820467,0.2962298025,0.2127057613,0.1576646091,0.054526749,0.5146604938,0.0311213992,0.0293209877,0.4781378601,6001438203
0.8484079372,0.2632671897,0.2808029534,0.3043377942,0.9455468389,0.8387888707,0.2078559738,1,0.3592814371,0.7272727273,0.0480769231,0.8487282463,0.281124498,0.3280232956,0.1291538198,0.0618362453,0.3854059609,0.0299760192,0.0656046591,0.4027064063,6001438204
0.8105578435,0.3028828154,0.1958068139,0.3118682142,0.9015350056,0.706231454,0.1231454006,0.9673469388,0.0612244898,0.5968586387,0.0903141361,0.9821428571,0.25,0.3246615344,0.0549508893,0.0878683302,0.4281921954,0.0836209185,0.0207061322,0.5118131139,6001438300
0.8937691522,0.3804902962,0.2185903984,0.2946884576,0.9085801839,0.8581979321,0.1329394387,0.8857142857,0.1142857143,0.7807692308,0.0769230769,0.9784172662,0.1199040767,0.3141095394,0.1730141458,0.0914036997,0.3750453391,0.0206746464,0.0257526297,0.4693507436,6001438400
0.9355755566,0.2771198484,0.3638086215,0.2946470867,0.9862624349,0.9326923077,0.3,1,0.0731707317,0.9781931464,0.2274143302,0.934375,0.2989583333,0.2068595927,0.3990710968,0.0292961772,0.339406931,0.0125044659,0.0128617363,0.3222579493,6001440100
0.7585034014,0.3757195186,0.1590790162,0.2237048666,0.9175824176,0.6224944321,0.1881959911,0.7862318841,0.0108695652,0.6988372093,0.0829457364,0.9694656489,0.6488549618,0.6968163265,0.0352653061,0.0669387755,0.1903673469,0.0014693878,0.0091428571,0.3420408163,6001440200
0.8847098847,0.292950293,0.3194103194,0.2723492723,0.9684369684,0.8952991453,0.4045584046,0.8854166667,0.0798611111,0.7201963534,0.1227208976,0.9456625357,0.4480457579,0.3034491838,0.2127435492,0.0550289626,0.3478146393,0.0381779884,0.0427856767,0.3849394418,6001440301
0.8418670438,0.1745403112,0.3553041018,0.3120226308,0.9222065064,0.9137466307,0.2722371968,1,0.1125541126,0.86,0.1685714286,0.9490196078,0.3450980392,0.1298907646,0.0611717974,0.0921549156,0.6446871897,0.0397219464,0.0323733863,0.4653426018,6001440304
0.9169329073,0.2201277955,0.4012779553,0.2955271565,0.9619808307,0.933418694,0.318822023,1,0.303030303,0.901826484,0.0707762557,0.9591836735,0.3500784929,0.1653937947,0.1883054893,0.023627685,0.5391408115,0.0410501193,0.0424821002,0.4584725537,6001440305
0.8921895861,0.335447263,0.2993991989,0.2573431242,0.9509345794,0.9002123142,0.2059447983,1,0.1904761905,0.7528089888,0.191011236,0.9454545455,0.212987013,0.0772790375,0.1242480333,0.0409532624,0.6899583526,0.0099490976,0.0576122166,0.5131883387,6001440306
0.9048538334,0.2887479316,0.3474903475,0.2686155543,0.9817981247,0.9244491081,0.2434417629,0.8872180451,0.2330827068,0.6294227188,0.1080074488,0.9318181818,0.2272727273,0.1887110362,0.1906065712,0.0471777591,0.5318028644,0.0080033698,0.0336983993,0.4100673968,6001440307
0.9076761304,0.2658254469,0.4239747634,0.2178759201,0.9585699264,0.8972762646,0.226459144,0.8719512195,0.3963414634,0.8112903226,0.1959677419,0.9704142012,0.2319526627,0.2680278723,0.1537838276,0.0322476098,0.4911683682,0.0019445795,0.0528277427,0.450332199,6001440308
0.8840125392,0.3672189879,0.3390058218,0.1777877295,0.9511867443,0.8551724138,0.2597701149,1,0.3777777778,0.7545219638,0.1343669251,0.9581881533,0.3344947735,0.2503052503,0.1153846154,0.0167887668,0.5302197802,0.0314407814,0.0558608059,0.4075091575,6001440331
0.9300947867,0.1117693523,0.5987361769,0.2195892575,0.9498420221,0.8922651934,0.4613259669,1,0.7636363636,0.7277227723,0.3267326733,0.9325396825,0.5476190476,0.0818830243,0.0881597718,0.0182596291,0.7512125535,0.0131241084,0.047360913,0.5326676177,6001440332
0.9215938303,0.2090831191,0.4562982005,0.2562125107,0.9575835476,0.9820512821,0.5025641026,1,0.3888888889,0.9027777778,0.3194444444,0.9942857143,0.5257142857,0.044600939,0.1582830315,0.0221327968,0.7136150235,0.0026827632,0.058685446,0.4748490946,6001440333
0.9569098184,0.2533087104,0.3407202216,0.3628808864,0.9919975377,0.934973638,0.1810193322,0.8220858896,0.2576687117,0.8776470588,0.0705882353,0.9588235294,0.2019607843,0.1397825102,0.1449932034,0.0956048935,0.5675124604,0.0077027639,0.0444041686,0.4988672406,6001440334
0.9472995702,0.1175481218,0.6241823958,0.2055690525,0.9637450944,0.98,0.435,1,0.5884773663,1,0.1935483871,0.9795081967,0.4211065574,0.017586158,0.1903276131,0.0344631967,0.6390582896,0.0184371011,0.1001276415,0.5929655368,6001440335
0.9199421965,0.2693641618,0.3592485549,0.2913294798,0.9734104046,0.9223057644,0.3245614035,0.9902597403,0.3636363636,0.6974358974,0.1008547009,0.9608127721,0.3439767779,0.183908046,0.1809781384,0.0872210953,0.5061978815,0.0078882128,0.0338066261,0.4403876493,6001440336
0.946029952,0.1924272393,0.4619949138,0.2916077988,0.9734388245,0.9542732716,0.4752313555,1,1,0.8885832187,0.1237964237,0.961836613,0.5020870602,0.2002162162,0.4464864865,0.0092972973,0.2713513514,0.0069189189,0.0657297297,0.2376216216,6001441100
0.9634171265,0.2062129573,0.5325975884,0.2246065808,0.9905988146,0.9513392857,0.4299107143,1,0.2056074766,0.9331514325,0.2401091405,0.9650418513,0.4534711965,0.1857908479,0.3528926756,0.0467225505,0.3490449361,0.0096193486,0.0559296413,0.2690669232,6001441200
0.9639927074,0.0979945305,0.6868732908,0.1791248861,0.9785779398,0.9961013645,0.6023391813,0.9915254237,0.1949152542,0.9603960396,0.5742574257,0.9954853273,0.5665914221,0.0596788852,0.1829748561,0.0651317782,0.6440472584,0.0118146016,0.0363526204,0.4710693729,6001441301
0.9467469322,0.1338272748,0.5559157212,0.2570039361,0.9724473258,0.9389256806,0.3730684327,1,0.2330827068,0.9052631579,0.2421052632,0.933226066,0.3925985519,0.1313794846,0.2674751558,0.0269496379,0.5228229746,0.0143169951,0.0370557521,0.4377631801,6001441302
0.8837077591,0.2178591656,0.4285444591,0.2373041344,0.960543704,0.8833570413,0.3207681366,0.5691056911,0.3902439024,0.6276391555,0.0249520154,0.9183514774,0.3405909798,0.0996040584,0.2056421678,0.0115070527,0.6076466221,0.0225191784,0.0530809206,0.4981440238,6001441401
0.9662714097,0.1338603426,0.6144927536,0.2179183136,0.982345191,0.9776609724,0.5703022339,0.95,0.46875,0.9144542773,0.2772861357,0.9764216366,0.5755894591,0.0922877751,0.1683003514,0.0240429073,0.6746809691,0.0083225448,0.0323654522,0.4766044017,6001441402
0.9588353414,0.1797188755,0.5859437751,0.1931726908,0.9759036145,0.9914320685,0.5042839657,0.9230769231,0.4166666667,0.931147541,0.3704918033,0.9898843931,0.5419075145,0.0809654751,0.1267949893,0.0238313474,0.6917201344,0.025664528,0.0510235258,0.4932783379,6001441501
0.9514418605,0.0958139535,0.7293023256,0.1263255814,0.9691162791,0.9866962306,0.7095343681,0.8513513514,0,0.8756756757,0.5513513514,0.9851485149,0.6757425743,0.0346936229,0.0877324348,0.0197179583,0.8257831025,0.0123549232,0.0197179583,0.5689504555,6001441503
0.9602110354,0.1714662563,0.6311277204,0.1576170587,0.980655089,0.9597315436,0.5089485459,1,0.5306122449,1,0.4315068493,0.9505494505,0.5151098901,0.0715789474,0.1619433198,0.0158704453,0.700242915,0.0118218623,0.0385425101,0.5091497976,6001441521
0.9187889078,0.1536502547,0.5079230334,0.2572156197,0.9725523486,0.9444444444,0.2063492063,1,0.0568181818,0.9031620553,0.2055335968,0.9588477366,0.2674897119,0.1224918785,0.133193197,0.066692146,0.6485763424,0.007643799,0.0214026371,0.4655073572,6001441522
0.962753575,0.0565347522,0.7475889591,0.1586298637,0.980046558,0.9257641921,0.5633187773,1,0.7058823529,1,0.3531914894,0.912371134,0.5721649485,0.0642824808,0.1172476234,0.0235400634,0.7530556813,0.0215029425,0.0203712087,0.5982344952,6001441523
0.9657079646,0.0730088496,0.7798672566,0.1128318584,0.9834070796,0.9585062241,0.7178423237,1,0.2604166667,0.8863636364,0.3863636364,0.9530516432,0.7323943662,0.0253855279,0.0790035587,0.0227758007,0.8552787663,0,0.0175563464,0.593594306,6001441524
0.8918096292,0.2506917543,0.3649695628,0.2761483121,0.9629219701,0.8992366412,0.2702290076,1,0.303030303,0.8226691042,0.0859232176,0.9125475285,0.3003802281,0.1682055399,0.2753914091,0.0903251706,0.3920112405,0.0513849859,0.022681654,0.3847852268,6001441601
0.8719081272,0.2075971731,0.417844523,0.2464664311,0.9429328622,0.9478643216,0.2663316583,1,0.5053763441,0.7031847134,0.0929936306,0.9746008708,0.3076923077,0.1771231357,0.2177985948,0.0177492913,0.5222482436,0.0527548379,0.0123258967,0.4887218045,6001441602
0.9191038139,0.2211390457,0.465024799,0.2329399692,0.9387720198,0.9640044994,0.3205849269,0.8376068376,0.4743589744,0.8659459459,0.0540540541,0.9568733154,0.3625336927,0.2030022282,0.2519057113,0.0413979125,0.4669872171,0.003049138,0.0336577929,0.4812947109,6001441700
0.9391255183,0.2438748587,0.4747455711,0.2205050886,0.968149265,0.9418770843,0.3596950929,0.7446808511,0.3333333333,0.8813559322,0.1084745763,0.9593621399,0.3698559671,0.1167970304,0.3446904415,0.0186928278,0.4991382739,0.0083521145,0.0123293119,0.4271510009,6001441800
0.9163319946,0.218206158,0.5281124498,0.1700133869,0.9605087015,0.7967377666,0.4717691343,0.96875,0.23046875,0.8254847645,0.203601108,0.8645833333,0.5017361111,0.2573548222,0.1634689179,0.0670248145,0.4151957022,0.0212330519,0.0757226912,0.4108467639,6001441921
0.9362820232,0.2250930589,0.6334574119,0.0777315524,0.9721918108,0.9465116279,0.5744186047,0.9565217391,0.6086956522,0.8564593301,0.1674641148,0.9479695431,0.5634517766,0.09328,0.14784,0.02864,0.67344,0.00496,0.05184,0.61136,6001441923
0.9220968329,0.1121223153,0.706042956,0.1039315617,0.9908991627,1,0.6378205128,1,0.2727272727,0.8153526971,0.255186722,1,0.6445035461,0.1181660206,0.1801898142,0.0292741612,0.6213073119,0.0061489106,0.0449137816,0.5026066034,6001441924
0.9887793268,0.0530431826,0.8000680041,0.1356681401,1,0.9471910112,0.7404494382,1,0.2951289398,1,0.1171662125,0.9423312883,0.7558282209,0.075298313,0.1474420518,0.0604855301,0.683582499,0.0163214923,0.0168701138,0.6387326841,6001441925
0.9121298949,0.1926138173,0.4988857052,0.2206303725,0.9621139764,0.8598949212,0.2854640981,1,0.5309734513,0.7991803279,0.1034836066,0.9660493827,0.4166666667,0.3294885745,0.0868335147,0.0383025027,0.4905331882,0.0126224157,0.0422198041,0.5055495103,6001441926
0.9326041975,0.1120307419,0.7011528229,0.1194206326,0.9896541531,0.9328244275,0.520610687,1,0.9193548387,0.9417475728,0.3398058252,0.9468438538,0.5398671096,0.0970614426,0.1364648264,0.0325022262,0.6562778272,0.0198130009,0.0578806768,0.6182101514,6001441927
0.9149277689,0.0493579454,0.6886035313,0.1769662921,0.9634831461,0.9533678756,0.4196891192,0.3333333333,0,0.786407767,0.0970873786,0.9813278008,0.4834024896,0.0789704592,0.1523837379,0.0008774495,0.7355952033,0.0099444282,0.0222287218,0.4858145657,6001442000
0.9358706986,0.0659541189,0.747653806,0.1222627737,0.9645464025,0.8929618768,0.495601173,1,0,1,0.1851851852,0.8864696734,0.5101088647,0.0098864885,0.1338337605,0.0142804833,0.8053826437,0.0128158184,0.0238008056,0.5787257415,6001442100
0.9662792913,0.1529815203,0.6648885502,0.1484092208,0.9897123262,0.9628008753,0.4077315828,0.8148148148,0.6790123457,0.9446366782,0.2422145329,0.9710982659,0.4186622626,0.0599491503,0.1924260672,0.0141843972,0.7034658103,0.0125786164,0.0173959588,0.5020741335,6001442200
0.9048002145,0.2443014213,0.4700992223,0.1903995709,0.9758648431,0.8382066277,0.3557504873,1,0.1532846715,0.7269890796,0.127925117,0.9147286822,0.4302325581,0.1837700146,0.1763100437,0.038937409,0.5458515284,0.0121906841,0.0429403202,0.5327510917,6001442301
0.9319233311,0.209297202,0.5225820665,0.2000440626,0.9559374312,0.8985507246,0.3169082126,0.7142857143,0.2521008403,0.9506493506,0.1948051948,0.8869752422,0.3143164693,0.1138862708,0.1721646246,0.0501099592,0.6010053409,0.0262331134,0.0366006912,0.5356581841,6001442302
0.8877233877,0.2294094794,0.3657731158,0.2925407925,0.945998446,0.9369306237,0.2852137351,0.8959537572,0.612716763,0.8228279387,0.0545144804,0.9764065336,0.3230490018,0.2471416007,0.2063910877,0.0408970976,0.4895924949,0.0020521841,0.013925535,0.4315450015,6001442400
0.8912256507,0.3516635063,0.3433890708,0.1961730736,0.9496638511,0.9084073821,0.3205741627,0.9152542373,0.2711864407,0.8733221477,0.1224832215,0.8835794961,0.3145091225,0.2339300244,0.1697857337,0.0339029021,0.477488473,0.0253593708,0.0595334961,0.4822348793,6001442500
0.9686143573,0.2360601002,0.4597662771,0.27278798,0.9846410684,0.9603825137,0.4221311475,1,0.125,0.9864253394,0.2918552036,0.9554189085,0.3835511145,0.2060096154,0.3509615385,0.0038461538,0.4016826923,0.0045673077,0.0329326923,0.3733173077,6001442601
0.9136690647,0.2946642686,0.4115707434,0.2074340528,0.9643285372,0.9528865295,0.4074319841,1,0.4690265487,0.7580853816,0.0802069858,0.9693721286,0.4226646248,0.2789088753,0.3370231271,0.0361731568,0.3091520063,0.0007906701,0.0379521645,0.3739869539,6001442602
0.9740955784,0.1094238499,0.5663242519,0.2983474766,0.9955337204,0.9694793537,0.4667863555,1,0,0.9078014184,0.2730496454,0.9917695473,0.4773662551,0.1535433071,0.3687664042,0.0505249344,0.3937007874,0.0036089239,0.029855643,0.3179133858,6001442700
0.8946113495,0.2236528374,0.4306151645,0.2403433476,0.9403910348,0.9359795134,0.3329065301,1,0.6774193548,0.8686440678,0.0889830508,0.9617021277,0.3531914894,0.1670054201,0.308604336,0.0145663957,0.4651084011,0.004403794,0.0403116531,0.4075203252,6001442800
0.9344907822,0.281904421,0.4213352425,0.2312511187,0.970288169,0.8938321537,0.2229524772,1,0.0866141732,0.8626760563,0.1208920188,0.9279907085,0.2241579559,0.1703388739,0.2649143152,0.0380105656,0.4657904909,0.0483185157,0.0126272388,0.4632135034,6001442900
0.9187347932,0.3201946472,0.3148418491,0.2836982968,0.9742092457,0.9187969925,0.2496240602,0.9431818182,0.6477272727,0.7981790592,0.0303490137,0.9591474245,0.2593250444,0.354202698,0.2279488066,0.0491179523,0.3047388447,0.0456589415,0.0183327568,0.3244552058,6001443001
0.8992805755,0.2877697842,0.3595066804,0.252004111,0.9469681398,0.8767361111,0.1510416667,0.8880597015,0.0447761194,0.8158295282,0.0776255708,0.8815399803,0.163869694,0.1748917749,0.1728715729,0.0298701299,0.5818181818,0.0154401154,0.0251082251,0.4682539683,6001443002
0.9645892351,0.0331444759,0.7575070822,0.1739376771,0.9906515581,0.9809384164,0.5865102639,1,0,0.8596491228,0.2865497076,0.9982817869,0.6701030928,0.0558736426,0.1441263574,0.0057255676,0.7642645607,0.0106614018,0.0193484699,0.5070088845,6001443102
0.9632183908,0.0518883415,0.7931034483,0.118226601,0.9747126437,1,0.6719101124,NA,NA,1,0.5084745763,1,0.6577017115,0.033357682,0.1102994887,0.0019478938,0.8173849525,0.0070611152,0.0299488678,0.5646457268,6001443103
0.9745916515,0.1081151154,0.7435830957,0.1228934405,0.9922219341,0.9657534247,0.5136986301,1,0,1,0.6888888889,0.9645808737,0.5005903188,0.0115658363,0.1797153025,0.0033807829,0.7695729537,0.0101423488,0.0256227758,0.5565836299,6001443104
0.9703084462,0.0527529547,0.7780340156,0.1395214759,0.9901989046,0.9907407407,0.6074074074,1,0.5737704918,0.703125,0,1,0.6223908918,0.0244514107,0.1393939394,0.0154649948,0.7857889237,0.0079414838,0.0269592476,0.5822361546,6001443105
0.9638752053,0.0331691297,0.7983579639,0.1323481117,0.9822660099,1,0.6976744186,NA,NA,1,0.2333333333,1,0.7142857143,0.0074019245,0.1801134962,0,0.748334567,0.0150505798,0.0490994325,0.530224525,6001443200
0.9528043776,0.139876881,0.639876881,0.1730506156,0.9709302326,0.9351230425,0.3982102908,1,0.4861111111,0.9233716475,0.1149425287,0.954050786,0.4014510278,0.0877152698,0.2546498278,0.0144661309,0.5960964409,0.0027554535,0.0443168772,0.4500574053,6001443301
0.9590909091,0.0940909091,0.7327272727,0.1322727273,0.9877272727,0.8857142857,0.4142857143,1,0.8701298701,0.92039801,0.4029850746,0.9428571429,0.4642857143,0.0920427553,0.0504750594,0.0380047506,0.7948337292,0.0074228029,0.0172209026,0.5982779097,6001443321
0.9424175824,0.0843956044,0.6461538462,0.2118681319,0.9824175824,0.9543973941,0.3615635179,1,0.2,0.8188976378,0.1496062992,0.9744525547,0.3905109489,0.0453446191,0.1916565901,0.0163240629,0.7004232164,0.0133010883,0.0329504232,0.4879081016,6001443322
0.8964753959,0.2940575515,0.3134684148,0.2889494296,0.978545888,0.9390326975,0.2796321526,1,1,0.8764044944,0.2247191011,0.9377690802,0.2700587084,0.2882477501,0.3976971943,0.010984648,0.2724986765,0.004235045,0.0263366861,0.2918210693,6001444100
0.8827487765,0.3395187602,0.2712071778,0.2720228385,0.9514681892,0.9125,0.289375,0.8423913043,0.1413043478,0.8622412562,0.0663811563,0.942114094,0.3473154362,0.3333802025,0.1934758155,0.0542744657,0.3506749156,0.0199662542,0.0482283465,0.3766872891,6001444200
0.9130434783,0.2331334333,0.3530734633,0.3268365817,0.9647676162,0.9332042594,0.3146176186,1,0.2333333333,0.8059299191,0.2318059299,0.9581447964,0.2941176471,0.3244399698,0.3289705512,0.0465643091,0.2683110999,0,0.03171407,0.3335011326,6001444301
0.9221540179,0.4260602679,0.30078125,0.1953125,0.9760044643,0.9289215686,0.2892156863,0.9221556886,0.497005988,0.8975234842,0.0811272417,0.9477124183,0.3202614379,0.3974927676,0.1419479267,0.0455159113,0.3660559306,0.0271938284,0.0217936355,0.3641272903,6001444302
0.8590333717,0.3788837745,0.1890103567,0.2911392405,0.9364211738,0.8729763387,0.1805728518,1,0.4492753623,0.8053605616,0.0421186981,0.9262295082,0.1918032787,0.534051488,0.143144057,0.0492970604,0.2046740917,0.0140587913,0.0547745116,0.351287201,6001444400
0.8712611156,0.3278092158,0.293047696,0.2504042037,0.9333063864,0.937150838,0.3177374302,0.9482071713,0.3864541833,0.7817817818,0.0840840841,0.9790145985,0.3923357664,0.4757914339,0.184490556,0.0408353285,0.2551210428,0.0143655227,0.029396116,0.3808193669,6001444500
0.8911074994,0.2103552357,0.3786858602,0.3020664035,0.9551892268,0.852972973,0.2118918919,0.8829787234,0.2127659574,0.8436893204,0.1203883495,0.8693602694,0.2390572391,0.2533264213,0.3188180404,0.0136512874,0.3773976153,0.009849663,0.0269569725,0.3350613444,6001444601
0.9602516443,0.156133829,0.6454103517,0.1587074635,0.9782670861,0.9700910273,0.4629388817,0.7894736842,0.5736842105,0.9509803922,0.4640522876,0.9597902098,0.4353146853,0.1150558843,0.1595441595,0.0596099058,0.6237124699,0.0153407846,0.026736796,0.543721236,6001444602
0.9643759474,0.0725113694,0.7569479535,0.1349166246,0.9888832744,0.9873595506,0.6875,1,0.9324324324,0.9238754325,0.6470588235,0.9855653569,0.6872493986,0.0806956522,0.3194782609,0.0443478261,0.472173913,0.0055652174,0.0777391304,0.3980869565,6001450101
0.9087980173,0.1506815366,0.5452292441,0.2128872367,0.9618339529,0.9117451891,0.4147312541,0.8249027237,0.1712062257,0.7699346405,0.1790849673,0.9694656489,0.5104961832,0.176200565,0.2475282486,0.063559322,0.416490113,0.0178319209,0.0783898305,0.3915960452,6001450102
0.9505437597,0.1338684619,0.6403417918,0.176333506,0.9826514759,0.9770875764,0.632892057,1,0.8734177215,1,0.6532951289,0.9729241877,0.6287605295,0.1037376049,0.4189549962,0.0312738368,0.384057971,0.004576659,0.0573989321,0.4031273837,6001450200
0.9507002801,0.1336134454,0.5260504202,0.2910364146,0.9619047619,0.9629005059,0.465851602,0.9943502825,0.9943502825,0.9381270903,0.3461538462,0.97375193,0.4976839938,0.2064466616,0.4994244052,0.0312739831,0.2338833461,0.0011511896,0.0278204144,0.2283192632,6001450300
0.9504816956,0.1246628131,0.5346820809,0.2911368015,0.9709055877,0.9493752003,0.4421659724,1,0.1472868217,0.8998793727,0.369119421,0.9713740458,0.4461832061,0.1390337634,0.4833928081,0.0333516333,0.2664013176,0.0148229481,0.0629975295,0.2825967609,6001450400
0.9570416298,0.1093888397,0.5779450841,0.2697077059,0.9787422498,0.9635653871,0.5478204294,NA,NA,0.6363636364,0.2,0.9795361528,0.5743519782,0.0890367554,0.595373891,0,0.2557034221,0.0063371356,0.0535487959,0.2243346008,6001450501
0.9621607516,0.1012526096,0.6521398747,0.2087682672,0.9825156576,0.9692603266,0.5869356388,0.975308642,0.1111111111,0.94,0.5933333333,0.9754666667,0.5776,0.0883424408,0.460291439,0.0147540984,0.3905282332,0.0142076503,0.0318761384,0.2810564663,6001450502
0.9812912693,0.0719002201,0.6995597946,0.2098312546,0.9856933236,0.9871547848,0.6210661529,1,1,1,0.5801526718,0.9860821155,0.6200417537,0.0612469102,0.506179621,0.0167536391,0.3608898654,0.0052183466,0.0497116177,0.2944246086,6001450601
0.9791695989,0.0954257565,0.6765657987,0.2071780436,0.9976073188,0.9798122066,0.5699530516,1,0.7920792079,1,0.4078624079,0.978100331,0.585688821,0.0824159766,0.5094008768,0.0266926449,0.3386264004,0.0081831466,0.0346809547,0.3412566975,6001450602
0.9537572254,0.1728598954,0.4693091109,0.3115882191,0.9807321773,0.9586846543,0.360455312,0.7846153846,0.3076923077,0.8505434783,0.1956521739,0.96025878,0.3840110906,0.1177497575,0.5524733269,0.0137730359,0.2935014549,0.003685742,0.0188166828,0.2651794374,6001450603
0.9840062926,0.0943890928,0.6601992659,0.2294179339,0.989512323,0.9935459377,0.5971905847,0.6304347826,0,0.9478527607,0.4478527607,0.9929867987,0.6126237624,0.0946412352,0.5820163488,0.0052679382,0.276657584,0,0.0414168937,0.2824704814,6001450604
0.9759124088,0.0773722628,0.6799270073,0.2186131387,0.996350365,0.9747149232,0.6261774913,1,1,0.9514925373,0.7276119403,0.9791666667,0.6195175439,0.0919599281,0.6198304649,0.0092473671,0.2373490881,0.0197790907,0.0218340611,0.1972771641,6001450605
0.9809350885,0.0941897413,0.6802088062,0.2065365411,0.9929641398,0.9724396053,0.6270840422,0.8125,0.8125,0.8884462151,0.438247012,0.9807552651,0.6350762527,0.0615606012,0.6018548129,0.0063959066,0.2814198913,0.0081547809,0.040614007,0.2587144228,6001450606
0.9552026547,0.1578573122,0.5356719602,0.2616733823,0.9888599194,0.9575151732,0.461977865,1,0.4939759036,0.9064171123,0.4144385027,0.9623165411,0.4744149147,0.1203428372,0.5350708414,0.0222144481,0.2774182263,0.0129438517,0.0320097953,0.3078537695,6001450607
0.9447862964,0.0612007317,0.7272576085,0.1563279561,0.9635789124,0.9580854516,0.6744186047,0.5555555556,0.3333333333,0.9442724458,0.5263157895,0.9602322206,0.679245283,0.0617729176,0.5582829223,0.0207073057,0.3221265705,0.0011633318,0.0359469521,0.3199162401,6001450701
0.9077148438,0.1101074219,0.5334472656,0.2641601563,0.9296875,0.930525558,0.5529157667,0.9569892473,0.2365591398,0.5545722714,0.1474926254,0.9789699571,0.625751073,0.1977101846,0.5316131237,0.0271701982,0.1927546138,0.0046138072,0.0461380725,0.248632946,6001450741
0.9771501926,0.1219512195,0.6400513479,0.2151476252,0.9871630295,0.9779215836,0.5671869052,1,0.59375,0.9171270718,0.3591160221,0.9800424628,0.6016985138,0.1008094187,0.581861663,0.0058866814,0.256254599,0.0099337748,0.0452538631,0.3130978661,6001450742
0.9660697455,0.0640904807,0.7660226202,0.1359566447,0.9764373233,0.9677419355,0.5863377609,0.8936170213,0.2978723404,0.9005235602,0.1989528796,0.9840595112,0.6323060574,0.0578994614,0.197486535,0.0534111311,0.6083183722,0.0255834829,0.0573010174,0.5432375823,6001450743
0.954482118,0.1093822573,0.6351602415,0.2099396191,0.9725963771,0.9862453532,0.6092936803,1,0,0.9230769231,0.3076923077,0.9853985793,0.6183898974,0.0722142516,0.5616132632,0.0109995218,0.3022477284,0.0181731229,0.0347521122,0.2440618524,6001450744
0.9450171821,0.0764604811,0.7046821306,0.1638745704,0.974871134,0.9830415755,0.5464989059,1,1,0.8888888889,0.3333333333,0.9807930607,0.5749690211,0.0992252682,0.2929082241,0.0038736591,0.5808998808,0.0083432658,0.014749702,0.4246126341,6001450745
0.9660543131,0.089057508,0.5682907348,0.3087060703,0.9960063898,0.9517593644,0.479568672,1,0,0.8847736626,0.2181069959,0.9635549872,0.5210997442,0.1197163121,0.5758865248,0.0031205674,0.2672340426,0,0.0340425532,0.2490780142,6001450746
0.9599690083,0.1027892562,0.7202995868,0.1368801653,0.9790805785,0.968627451,0.568627451,0.9377431907,0.5019455253,0.8571428571,0.2594752187,0.9924741298,0.6349952963,0.0934280639,0.2444049734,0.0737122558,0.5451154529,0.0030195382,0.0403197158,0.4653641208,6001450750
0.9350991541,0.0400776591,0.7939259465,0.1010955485,0.9653307447,0.9730232558,0.6902325581,1,0.3275862069,0.8045977011,0.3850574713,0.9851537646,0.7253446448,0.0307581617,0.1199748179,0.0125011242,0.8107743502,0.0027880205,0.0232035255,0.5511286986,6001450751
0.96774878,0.0647146191,0.7436876724,0.1593464884,0.981328241,0.9534883721,0.6864771748,1,0.7088607595,0.9384615385,0.5307692308,0.9613428281,0.7029501526,0.0739479777,0.2069998638,0.0463026011,0.6200463026,0.0205638023,0.0321394525,0.4253030097,6001450752
0.9542885638,0.2119348404,0.4775598404,0.264793883,0.9765625,0.9679425837,0.4638755981,1,0.3517241379,0.9358778626,0.2106870229,0.9651439134,0.4972273567,0.1451909802,0.6160837552,0.0169121031,0.1685457892,0.0161067648,0.0371606075,0.2215830649,6001451101
0.946698762,0.0718707015,0.5952544704,0.2795735901,0.9625171939,0.9591018444,0.5954290297,1,1,0.8143712575,0.4071856287,0.9676705049,0.6116031887,0.0939295528,0.7719210592,0.0032475643,0.0724456658,0.0114913815,0.0469647764,0.1044216837,6001451102
0.9554583416,0.1904951283,0.3575263472,0.4074368662,0.9860807318,0.9712117247,0.3339439937,1,0,0.8515625,0.1536458333,0.9677224736,0.3622926094,0.2025990903,0.5759584146,0.012605588,0.1495776478,0.003768681,0.0554905783,0.1437296946,6001451201
0.9679031834,0.2028413575,0.4522494081,0.3128124178,0.9907918969,0.9828717201,0.402696793,0.9268292683,0,0.9010989011,0.2681318681,0.9856144677,0.4188244965,0.1468774094,0.6102544333,0.0079028527,0.1557440247,0.0067463377,0.0724749422,0.182922128,6001451202
0.9337539432,0.1596214511,0.3606729758,0.4134595163,0.9884332282,0.9451086957,0.3461956522,1,0.2315789474,0.9391727494,0.1824817518,0.9462535567,0.3797028138,0.1962914675,0.6340721425,0.0137621324,0.0901057511,0,0.0657685064,0.110821382,6001451300
0.9089309283,0.1187857457,0.4692036956,0.320941487,0.9707435108,0.9499687305,0.4796747967,0.8075601375,0.5326460481,0.7242744063,0.0817941953,0.9713541667,0.560639881,0.2036827653,0.5684057503,0.0544338556,0.1324503311,0,0.0410272977,0.1922145049,6001451401
0.895065584,0.2236102436,0.3222985634,0.349156777,0.9481574016,0.8999211978,0.3041765169,0.9642857143,0.2142857143,0.6422535211,0.1830985915,0.9722222222,0.3244047619,0.2781629116,0.5641247834,0.0155979203,0.089254766,0.0025996534,0.0502599653,0.1525129983,6001451403
0.804541768,0.1830900243,0.299270073,0.3221816707,0.8779399838,0.8139598791,0.2756251718,1,0.6868131868,0.5582914573,0.1110552764,0.9625282167,0.376523702,0.4754722301,0.3927262475,0.0451085424,0.0617423175,0.0004228926,0.0245277699,0.2318861009,6001451404
0.9509658247,0.1928677563,0.4430906389,0.3150074294,0.9809806835,0.9422288483,0.4487513977,1,0.8666666667,0.9354005168,0.1085271318,0.9472188388,0.4823386114,0.1625825698,0.6744086938,0.0089494993,0.0828894098,0.0144896655,0.0566801619,0.1615171532,6001451501
0.9500808875,0.186041137,0.4164548186,0.3475849318,0.9685694477,0.9398791541,0.3972809668,1,0.2566371681,0.754789272,0.2873563218,0.9753215155,0.4118873827,0.1535101909,0.6303785183,0.0182788742,0.1357165966,0.0054998382,0.0566159819,0.118731802,6001451503
0.959742351,0.1988727858,0.4122383253,0.3486312399,0.9855072464,0.9842041312,0.4155528554,1,0.4117647059,0.8364779874,0.0503144654,0.9915492958,0.4704225352,0.1907548274,0.5453481568,0.0099473376,0.2393212405,0.0093622001,0.0052662376,0.2562902282,6001451504
0.9545813586,0.1125592417,0.497235387,0.3447867299,0.9565560821,0.9665775401,0.486631016,1,0,0.880952381,0.4013605442,0.9798387097,0.4969758065,0.1395552955,0.7551199532,0.0096547689,0.0769455822,0.0029256875,0.0157987127,0.119953189,6001451505
0.9188829787,0.2296099291,0.302748227,0.3865248227,0.9485815603,0.9278728606,0.3471882641,1,0,0.7670807453,0.1614906832,0.9722455845,0.4146341463,0.4011816839,0.4392909897,0.059084195,0.0717872969,0.0150664697,0.0135893648,0.1872968981,6001451506
0.9514687101,0.1134099617,0.5739463602,0.2641123883,0.980587484,0.9714033019,0.5675117925,1,0,0.8695652174,0.3797101449,0.9722134512,0.5879381118,0.1066766132,0.7825438269,0.0016784782,0.0874673629,0.0072734054,0.0143603133,0.1007086908,6001451601
0.9423039312,0.1891257579,0.4324271465,0.3207510268,0.9728143947,0.9593380615,0.4271867612,1,0.3173076923,0.8101851852,0.2885802469,0.9703208556,0.4411764706,0.1641944485,0.693787634,0.01850492,0.0656484065,0.0042590689,0.0536055221,0.1182258775,6001451602
0.9811320755,0.221449851,0.4319761668,0.3277060576,0.997020854,0.9786756453,0.3995510662,1,0.8529411765,0.9583333333,0.2916666667,0.9825129534,0.4112694301,0.146529563,0.7165809769,0.0109254499,0.0552699229,0.0106041131,0.0600899743,0.0784061697,6001451701
0.9846866097,0.1171652422,0.5391737892,0.3283475783,1,0.9799440299,0.5186567164,NA,NA,0.9608294931,0.4585253456,0.9857142857,0.5153846154,0.193627451,0.5897058824,0,0.1696078431,0.0031862745,0.043872549,0.162745098,6001451703
0.96308933,0.1609801489,0.5291563275,0.2729528536,0.9860421836,0.9652777778,0.5211988304,1,0.5294117647,0.8779220779,0.4571428571,0.9765690377,0.5230125523,0.1318875857,0.722504979,0.0037618942,0.0829829608,0.0154901527,0.0433724275,0.1263553884,6001451704
1,0.1379310345,0.7413793103,0.1206896552,1,1,0.7413793103,NA,NA,1,0,1,0.86,0.1379310345,0.8620689655,0,0,0,0,0.0689655172,6001981900
0.6734693878,0.0816326531,0.5510204082,0.0408163265,0.9183673469,1,1,0.2941176471,0.2941176471,1,1,1,1,0.126984127,0.1587301587,0.3650793651,0.3174603175,0.0317460317,0,0.3015873016,6001982000
0.9446494465,0.0461254613,0.7878228782,0.110701107,0.9649446494,0.9748427673,0.8522012579,0.6981132075,0.6981132075,1,0.7,0.9726027397,0.852739726,0.0806174957,0.5283018868,0.0909090909,0.2367066895,0.0291595197,0.0343053173,0.2006861063,6001983200
NA,NA,NA,NA,NA,NA,NA,NA,NA,NA,NA,NA,NA,NA,NA,NA,NA,NA,NA,NA,6001990000
